
**** Build of configuration Debug for project Open_lab ****

"C:\\ti\\ccs1281\\ccs\\utils\\bin\\gmake" -k -j 16 all -O 
 
Building file: "../main.c"
Invoking: C2000 Compiler
"C:/ti/ccs1281/ccs/tools/compiler/ti-cgt-c2000_22.6.1.LTS/bin/cl2000" -v28 -ml -mt --cla_support=cla1 --float_support=fpu32 --tmu_support=tmu0 --vcu_support=vcu2 --include_path="D:/SEM-5/Open_Laboratory_1/CCS_Codes/Open_lab" --include_path="C:/ti/c2000/C2000Ware_6_00_00_00/device_support/f2837xd/common/include" --include_path="C:/ti/c2000/C2000Ware_6_00_00_00/device_support/f2837xd/headers/include" --include_path="C:/ti/c2000/C2000Ware_6_00_00_00/driverlib/f2837xd/driverlib" --include_path="C:/ti/ccs1281/ccs/tools/compiler/ti-cgt-c2000_22.6.1.LTS/include" -g --diag_warning=225 --diag_wrap=off --display_error_number --abi=coffabi --preproc_with_compile --preproc_dependency="main.d_raw"  "../main.c"
 
>> Compilation failure
subdir_rules.mk:9: recipe for target 'main.obj' failed
"C:/ti/c2000/C2000Ware_6_00_00_00/device_support/f2837xd/common/include/device.h", line 49: fatal error #35: #error directive: "You must define CPU1 or CPU2 in your project properties.  Otherwise, the offsets in your header files will be inaccurate."
1 catastrophic error detected in the compilation of "../main.c".
Compilation terminated.
gmake: *** [main.obj] Error 1
gmake: Target 'all' not remade because of errors.

**** Build Finished ****

**** Build of configuration Debug for project Open_lab ****

"C:\\ti\\ccs1281\\ccs\\utils\\bin\\gmake" -k -j 16 all -O 
 
Building file: "../main.c"
Invoking: C2000 Compiler
"C:/ti/ccs1281/ccs/tools/compiler/ti-cgt-c2000_22.6.1.LTS/bin/cl2000" -v28 -ml -mt --cla_support=cla1 --float_support=fpu32 --tmu_support=tmu0 --vcu_support=vcu2 --include_path="D:/SEM-5/Open_Laboratory_1/CCS_Codes/Open_lab" --include_path="C:/ti/c2000/C2000Ware_6_00_00_00/device_support/f2837xd/common/include" --include_path="C:/ti/c2000/C2000Ware_6_00_00_00/device_support/f2837xd/headers/include" --include_path="C:/ti/c2000/C2000Ware_6_00_00_00/driverlib/f2837xd/driverlib" --include_path="C:/ti/ccs1281/ccs/tools/compiler/ti-cgt-c2000_22.6.1.LTS/include" -g --diag_warning=225 --diag_wrap=off --display_error_number --abi=coffabi --preproc_with_compile --preproc_dependency="main.d_raw"  "../main.c"
 
>> Compilation failure
subdir_rules.mk:9: recipe for target 'main.obj' failed
"C:/ti/c2000/C2000Ware_6_00_00_00/device_support/f2837xd/common/include/device.h", line 49: fatal error #35: #error directive: "You must define CPU1 or CPU2 in your project properties.  Otherwise, the offsets in your header files will be inaccurate."
1 catastrophic error detected in the compilation of "../main.c".
Compilation terminated.
gmake: *** [main.obj] Error 1
gmake: Target 'all' not remade because of errors.

**** Build Finished ****

**** Build of configuration Debug for project Open_lab ****

"C:\\ti\\ccs1281\\ccs\\utils\\bin\\gmake" -k -j 16 all -O 
 
Building file: "../main.c"
Invoking: C2000 Compiler
"C:/ti/ccs1281/ccs/tools/compiler/ti-cgt-c2000_22.6.1.LTS/bin/cl2000" -v28 -ml -mt --cla_support=cla1 --float_support=fpu32 --tmu_support=tmu0 --vcu_support=vcu2 --include_path="D:/SEM-5/Open_Laboratory_1/CCS_Codes/Open_lab" --include_path="C:/ti/c2000/C2000Ware_6_00_00_00/device_support/f2837xd/common/include" --include_path="C:/ti/c2000/C2000Ware_6_00_00_00/device_support/f2837xd/headers/include" --include_path="C:/ti/c2000/C2000Ware_6_00_00_00/driverlib/f2837xd/driverlib" --include_path="C:/ti/ccs1281/ccs/tools/compiler/ti-cgt-c2000_22.6.1.LTS/include" --define=CPU1 -g --diag_warning=225 --diag_wrap=off --display_error_number --abi=coffabi --preproc_with_compile --preproc_dependency="main.d_raw"  "../main.c"
Finished building: "../main.c"
 
Building target: "Open_lab.out"
Invoking: C2000 Linker
"C:/ti/ccs1281/ccs/tools/compiler/ti-cgt-c2000_22.6.1.LTS/bin/cl2000" -v28 -ml -mt --cla_support=cla1 --float_support=fpu32 --tmu_support=tmu0 --vcu_support=vcu2 --define=CPU1 -g --diag_warning=225 --diag_wrap=off --display_error_number --abi=coffabi -z -m"Open_lab.map" --stack_size=0x200 --warn_sections -i"C:/ti/ccs1281/ccs/tools/compiler/ti-cgt-c2000_22.6.1.LTS/lib" -i"C:/ti/ccs1281/ccs/tools/compiler/ti-cgt-c2000_22.6.1.LTS/include" --reread_libs --diag_wrap=off --display_error_number --xml_link_info="Open_lab_linkInfo.xml" --rom_model -o "Open_lab.out" "./main.obj" "../2837x_FLASH_lnk_cpu1.cmd"  -llibc.a -l"C:/ti/c2000/C2000Ware_6_00_00_00/driverlib/f2837xd/driverlib/ccs/Debug/driverlib.lib" 
<Linking>
 
 undefined        first referenced                                                                                   
  symbol              in file                                                                                        
 ---------        ----------------                                                                                   
 _Device_init     ./main.obj                                                                                         
 _Device_initGPIO ./main.obj                                                                                         
 ___error__       C:\ti\c2000\C2000Ware_6_00_00_00\driverlib\f2837xd\driverlib\ccs\Debug\driverlib_coff.lib<gpio.obj>
 
error #10234-D: unresolved symbols remain
error #10010: errors encountered during linking; "Open_lab.out" not built
 
>> Compilation failure
makefile:136: recipe for target 'Open_lab.out' failed
gmake[1]: *** [Open_lab.out] Error 1
makefile:132: recipe for target 'all' failed
gmake: *** [all] Error 2

**** Build Finished ****

**** Build of configuration Debug for project Open_lab ****

"C:\\ti\\ccs1281\\ccs\\utils\\bin\\gmake" -k -j 16 all -O 
 
Building target: "Open_lab.out"
Invoking: C2000 Linker
"C:/ti/ccs1281/ccs/tools/compiler/ti-cgt-c2000_22.6.1.LTS/bin/cl2000" -v28 -ml -mt --cla_support=cla1 --float_support=fpu32 --tmu_support=tmu0 --vcu_support=vcu2 --define=CPU1 -g --diag_warning=225 --diag_wrap=off --display_error_number --abi=coffabi -z -m"Open_lab.map" --stack_size=0x200 --warn_sections -i"C:/ti/ccs1281/ccs/tools/compiler/ti-cgt-c2000_22.6.1.LTS/lib" -i"C:/ti/ccs1281/ccs/tools/compiler/ti-cgt-c2000_22.6.1.LTS/include" --reread_libs --diag_wrap=off --display_error_number --xml_link_info="Open_lab_linkInfo.xml" --rom_model -o "Open_lab.out" "./main.obj" "../2837x_FLASH_lnk_cpu1.cmd"  -llibc.a -l"C:/ti/c2000/C2000Ware_6_00_00_00/driverlib/f2837xd/driverlib/ccs/Debug/driverlib.lib" -l"C:/ti/c2000/C2000Ware_6_00_00_00/driverlibdriverlib/f2837xd/driverlib/ccs/Debug/driverlib_coff.lib" 
<Linking>
error #10008-D: cannot find file "C:/ti/c2000/C2000Ware_6_00_00_00/driverlibdriverlib/f2837xd/driverlib/ccs/Debug/driverlib_coff.lib"
 
 undefined        first referenced                                                                                   
  symbol              in file                                                                                        
 ---------        ----------------                                                                                   
 _Device_init     ./main.obj                                                                                         
 _Device_initGPIO ./main.obj                                                                                         
 ___error__       C:\ti\c2000\C2000Ware_6_00_00_00\driverlib\f2837xd\driverlib\ccs\Debug\driverlib_coff.lib<gpio.obj>
 
error #10234-D: unresolved symbols remain
error #10010: errors encountered during linking; "Open_lab.out" not built
 
>> Compilation failure
makefile:137: recipe for target 'Open_lab.out' failed
gmake[1]: *** [Open_lab.out] Error 1
makefile:133: recipe for target 'all' failed
gmake: *** [all] Error 2

**** Build Finished ****

**** Build of configuration Debug for project Open_lab ****

"C:\\ti\\ccs1281\\ccs\\utils\\bin\\gmake" -k -j 16 all -O 
 
Building target: "Open_lab.out"
Invoking: C2000 Linker
"C:/ti/ccs1281/ccs/tools/compiler/ti-cgt-c2000_22.6.1.LTS/bin/cl2000" -v28 -ml -mt --cla_support=cla1 --float_support=fpu32 --tmu_support=tmu0 --vcu_support=vcu2 --define=CPU1 -g --diag_warning=225 --diag_wrap=off --display_error_number --abi=coffabi -z -m"Open_lab.map" --stack_size=0x200 --warn_sections -i"C:/ti/ccs1281/ccs/tools/compiler/ti-cgt-c2000_22.6.1.LTS/lib" -i"C:/ti/ccs1281/ccs/tools/compiler/ti-cgt-c2000_22.6.1.LTS/include" --reread_libs --diag_wrap=off --display_error_number --xml_link_info="Open_lab_linkInfo.xml" --rom_model -o "Open_lab.out" "./main.obj" "../2837x_FLASH_lnk_cpu1.cmd"  -llibc.a -l"C:/ti/c2000/C2000Ware_6_00_00_00/driverlibdriverlib/f2837xd/driverlib/ccs/Debug/driverlib_coff.lib" 
<Linking>
error #10008-D: cannot find file "C:/ti/c2000/C2000Ware_6_00_00_00/driverlibdriverlib/f2837xd/driverlib/ccs/Debug/driverlib_coff.lib"
 
 undefined              first referenced
  symbol                    in file     
 ---------              ----------------
 _Device_init           ./main.obj      
 _Device_initGPIO       ./main.obj      
 _GPIO_setDirectionMode ./main.obj      
 _GPIO_setPadConfig     ./main.obj      
 _SysCtl_delay          ./main.obj      
 
error #10234-D: unresolved symbols remain
error #10010: errors encountered during linking; "Open_lab.out" not built
 
>> Compilation failure
makefile:136: recipe for target 'Open_lab.out' failed
makefile:132: recipe for target 'all' failed
gmake[1]: *** [Open_lab.out] Error 1
gmake: *** [all] Error 2

**** Build Finished ****

**** Build of configuration Debug for project test ****

"C:\\ti\\ccs1281\\ccs\\utils\\bin\\gmake" -k -j 16 all -O 
 
Building file: "../main.c"
Invoking: C2000 Compiler
"C:/ti/ccs1281/ccs/tools/compiler/ti-cgt-c2000_22.6.1.LTS/bin/cl2000" -v28 -ml -mt --cla_support=cla1 --float_support=fpu32 --tmu_support=tmu0 --vcu_support=vcu2 --include_path="D:/SEM-5/Open_Laboratory_1/CCS_Codes/test" --include_path="C:/ti/ccs1281/ccs/tools/compiler/ti-cgt-c2000_22.6.1.LTS/include" -g --diag_warning=225 --diag_wrap=off --display_error_number --abi=coffabi --preproc_with_compile --preproc_dependency="main.d_raw"  "../main.c"
 
>> Compilation failure
subdir_rules.mk:9: recipe for target 'main.obj' failed
"../main.c", line 1: fatal error #1965: cannot open source file "driverlib.h"
1 catastrophic error detected in the compilation of "../main.c".
Compilation terminated.
gmake: *** [main.obj] Error 1
gmake: Target 'all' not remade because of errors.

**** Build Finished ****

**** Build of configuration Debug for project Open_lab ****

"C:\\ti\\ccs1281\\ccs\\utils\\bin\\gmake" -k -j 16 all -O 
 
Building target: "Open_lab.out"
Invoking: C2000 Linker
"C:/ti/ccs1281/ccs/tools/compiler/ti-cgt-c2000_22.6.1.LTS/bin/cl2000" -v28 -ml -mt --cla_support=cla1 --float_support=fpu32 --tmu_support=tmu0 --vcu_support=vcu2 --define=CPU1 -g --diag_warning=225 --diag_wrap=off --display_error_number --abi=coffabi -z -m"Open_lab.map" --stack_size=0x200 --warn_sections -i"C:/ti/ccs1281/ccs/tools/compiler/ti-cgt-c2000_22.6.1.LTS/lib" -i"C:/ti/ccs1281/ccs/tools/compiler/ti-cgt-c2000_22.6.1.LTS/include" --reread_libs --diag_wrap=off --display_error_number --xml_link_info="Open_lab_linkInfo.xml" --rom_model -o "Open_lab.out" "./main.obj" "../2837x_FLASH_lnk_cpu1.cmd"  -llibc.a -l"C:/ti/c2000/C2000Ware_6_00_00_00/driverlibdriverlib/f2837xd/driverlib/ccs/Debug/driverlib_coff.lib" 
<Linking>
error #10008-D: cannot find file "C:/ti/c2000/C2000Ware_6_00_00_00/driverlibdriverlib/f2837xd/driverlib/ccs/Debug/driverlib_coff.lib"
 
 undefined              first referenced
  symbol                    in file     
 ---------              ----------------
 _Device_init           ./main.obj      
 _Device_initGPIO       ./main.obj      
 _GPIO_setDirectionMode ./main.obj      
 _GPIO_setPadConfig     ./main.obj      
 _SysCtl_delay          ./main.obj      
 
error #10234-D: unresolved symbols remain
error #10010: errors encountered during linking; "Open_lab.out" not built
 
>> Compilation failure
makefile:136: recipe for target 'Open_lab.out' failed
makefile:132: recipe for target 'all' failed
gmake[1]: *** [Open_lab.out] Error 1
gmake: *** [all] Error 2

**** Build Finished ****

**** Build of configuration Debug for project Open_lab ****

"C:\\ti\\ccs1281\\ccs\\utils\\bin\\gmake" -k -j 16 all -O 
 
Building target: "Open_lab.out"
Invoking: C2000 Linker
"C:/ti/ccs1281/ccs/tools/compiler/ti-cgt-c2000_22.6.1.LTS/bin/cl2000" -v28 -ml -mt --cla_support=cla1 --float_support=fpu32 --tmu_support=tmu0 --vcu_support=vcu2 --define=CPU1 -g --diag_warning=225 --diag_wrap=off --display_error_number --abi=coffabi -z -m"Open_lab.map" --stack_size=0x200 --warn_sections -i"C:/ti/ccs1281/ccs/tools/compiler/ti-cgt-c2000_22.6.1.LTS/lib" -i"C:/ti/ccs1281/ccs/tools/compiler/ti-cgt-c2000_22.6.1.LTS/include" --reread_libs --diag_wrap=off --display_error_number --xml_link_info="Open_lab_linkInfo.xml" --rom_model -o "Open_lab.out" "./main.obj" "../2837x_FLASH_lnk_cpu1.cmd"  -llibc.a -l"C:/ti/c2000/C2000Ware_6_00_00_00/driverlibdriverlib/f2837xd/driverlib/ccs/Debug/driverlib_coff.lib" 
<Linking>
error #10008-D: cannot find file "C:/ti/c2000/C2000Ware_6_00_00_00/driverlibdriverlib/f2837xd/driverlib/ccs/Debug/driverlib_coff.lib"
 
 undefined              first referenced
  symbol                    in file     
 ---------              ----------------
 _Device_init           ./main.obj      
 _Device_initGPIO       ./main.obj      
 _GPIO_setDirectionMode ./main.obj      
 _GPIO_setPadConfig     ./main.obj      
 _SysCtl_delay          ./main.obj      
 
error #10234-D: unresolved symbols remain
error #10010: errors encountered during linking; "Open_lab.out" not built
 
>> Compilation failure
makefile:136: recipe for target 'Open_lab.out' failed
gmake[1]: *** [Open_lab.out] Error 1
makefile:132: recipe for target 'all' failed
gmake: *** [all] Error 2

**** Build Finished ****

**** Build of configuration Debug for project Open_lab ****

"C:\\ti\\ccs1281\\ccs\\utils\\bin\\gmake" -k -j 16 all -O 
 
Building target: "Open_lab.out"
Invoking: C2000 Linker
"C:/ti/ccs1281/ccs/tools/compiler/ti-cgt-c2000_22.6.1.LTS/bin/cl2000" -v28 -ml -mt --cla_support=cla1 --float_support=fpu32 --tmu_support=tmu0 --vcu_support=vcu2 --define=CPU1 -g --diag_warning=225 --diag_wrap=off --display_error_number --abi=coffabi -z -m"Open_lab.map" --stack_size=0x200 --warn_sections -i"C:/ti/ccs1281/ccs/tools/compiler/ti-cgt-c2000_22.6.1.LTS/lib" -i"C:/ti/ccs1281/ccs/tools/compiler/ti-cgt-c2000_22.6.1.LTS/include" --reread_libs --diag_wrap=off --display_error_number --xml_link_info="Open_lab_linkInfo.xml" --rom_model -o "Open_lab.out" "./main.obj" "../2837x_FLASH_lnk_cpu1.cmd"  -llibc.a -l"C:/ti/c2000/C2000Ware_6_00_00_00/driverlibdriverlib/f2837xd/driverlib/ccs/Debug/driverlib_coff.lib" 
<Linking>
error #10008-D: cannot find file "C:/ti/c2000/C2000Ware_6_00_00_00/driverlibdriverlib/f2837xd/driverlib/ccs/Debug/driverlib_coff.lib"
 
 undefined              first referenced
  symbol                    in file     
 ---------              ----------------
 _Device_init           ./main.obj      
 _Device_initGPIO       ./main.obj      
 _GPIO_setDirectionMode ./main.obj      
 _GPIO_setPadConfig     ./main.obj      
 _SysCtl_delay          ./main.obj      
 
error #10234-D: unresolved symbols remain
error #10010: errors encountered during linking; "Open_lab.out" not built
 
>> Compilation failure
makefile:136: recipe for target 'Open_lab.out' failed
makefile:132: recipe for target 'all' failed
gmake[1]: *** [Open_lab.out] Error 1
gmake: *** [all] Error 2

**** Build Finished ****

**** Build of configuration Debug for project Open_lab ****

"C:\\ti\\ccs1281\\ccs\\utils\\bin\\gmake" -k -j 16 all -O 
 
Building file: "C:/ti/c2000/C2000Ware_6_00_00_00/device_support/f2837xd/common/source/F2837xD_CodeStartBranch.asm"
Invoking: C2000 Compiler
"C:/ti/ccs1281/ccs/tools/compiler/ti-cgt-c2000_22.6.1.LTS/bin/cl2000" -v28 -ml -mt --cla_support=cla1 --float_support=fpu32 --tmu_support=tmu0 --vcu_support=vcu2 --include_path="D:/SEM-5/Open_Laboratory_1/CCS_Codes/Open_lab" --include_path="C:/ti/c2000/C2000Ware_6_00_00_00/device_support/f2837xd/common/include" --include_path="C:/ti/c2000/C2000Ware_6_00_00_00/device_support/f2837xd/headers/include" --include_path="C:/ti/c2000/C2000Ware_6_00_00_00/driverlib/f2837xd/driverlib" --include_path="C:/ti/ccs1281/ccs/tools/compiler/ti-cgt-c2000_22.6.1.LTS/include" --define=CPU1 -g --diag_warning=225 --diag_wrap=off --display_error_number --abi=coffabi --preproc_with_compile --preproc_dependency="F2837xD_CodeStartBranch.d_raw"  "C:/ti/c2000/C2000Ware_6_00_00_00/device_support/f2837xd/common/source/F2837xD_CodeStartBranch.asm"
Finished building: "C:/ti/c2000/C2000Ware_6_00_00_00/device_support/f2837xd/common/source/F2837xD_CodeStartBranch.asm"
 
Building file: "C:/ti/c2000/C2000Ware_6_00_00_00/device_support/f2837xd/common/source/F2837xD_usDelay.asm"
Invoking: C2000 Compiler
"C:/ti/ccs1281/ccs/tools/compiler/ti-cgt-c2000_22.6.1.LTS/bin/cl2000" -v28 -ml -mt --cla_support=cla1 --float_support=fpu32 --tmu_support=tmu0 --vcu_support=vcu2 --include_path="D:/SEM-5/Open_Laboratory_1/CCS_Codes/Open_lab" --include_path="C:/ti/c2000/C2000Ware_6_00_00_00/device_support/f2837xd/common/include" --include_path="C:/ti/c2000/C2000Ware_6_00_00_00/device_support/f2837xd/headers/include" --include_path="C:/ti/c2000/C2000Ware_6_00_00_00/driverlib/f2837xd/driverlib" --include_path="C:/ti/ccs1281/ccs/tools/compiler/ti-cgt-c2000_22.6.1.LTS/include" --define=CPU1 -g --diag_warning=225 --diag_wrap=off --display_error_number --abi=coffabi --preproc_with_compile --preproc_dependency="F2837xD_usDelay.d_raw"  "C:/ti/c2000/C2000Ware_6_00_00_00/device_support/f2837xd/common/source/F2837xD_usDelay.asm"
Finished building: "C:/ti/c2000/C2000Ware_6_00_00_00/device_support/f2837xd/common/source/F2837xD_usDelay.asm"
 
Building file: "C:/ti/c2000/C2000Ware_6_00_00_00/device_support/f2837xd/common/source/F2837xD_Ipc.c"
Invoking: C2000 Compiler
"C:/ti/ccs1281/ccs/tools/compiler/ti-cgt-c2000_22.6.1.LTS/bin/cl2000" -v28 -ml -mt --cla_support=cla1 --float_support=fpu32 --tmu_support=tmu0 --vcu_support=vcu2 --include_path="D:/SEM-5/Open_Laboratory_1/CCS_Codes/Open_lab" --include_path="C:/ti/c2000/C2000Ware_6_00_00_00/device_support/f2837xd/common/include" --include_path="C:/ti/c2000/C2000Ware_6_00_00_00/device_support/f2837xd/headers/include" --include_path="C:/ti/c2000/C2000Ware_6_00_00_00/driverlib/f2837xd/driverlib" --include_path="C:/ti/ccs1281/ccs/tools/compiler/ti-cgt-c2000_22.6.1.LTS/include" --define=CPU1 -g --diag_warning=225 --diag_wrap=off --display_error_number --abi=coffabi --preproc_with_compile --preproc_dependency="F2837xD_Ipc.d_raw"  "C:/ti/c2000/C2000Ware_6_00_00_00/device_support/f2837xd/common/source/F2837xD_Ipc.c"
Finished building: "C:/ti/c2000/C2000Ware_6_00_00_00/device_support/f2837xd/common/source/F2837xD_Ipc.c"
 
Building file: "C:/ti/c2000/C2000Ware_6_00_00_00/device_support/f2837xd/common/source/F2837xD_Gpio.c"
Invoking: C2000 Compiler
"C:/ti/ccs1281/ccs/tools/compiler/ti-cgt-c2000_22.6.1.LTS/bin/cl2000" -v28 -ml -mt --cla_support=cla1 --float_support=fpu32 --tmu_support=tmu0 --vcu_support=vcu2 --include_path="D:/SEM-5/Open_Laboratory_1/CCS_Codes/Open_lab" --include_path="C:/ti/c2000/C2000Ware_6_00_00_00/device_support/f2837xd/common/include" --include_path="C:/ti/c2000/C2000Ware_6_00_00_00/device_support/f2837xd/headers/include" --include_path="C:/ti/c2000/C2000Ware_6_00_00_00/driverlib/f2837xd/driverlib" --include_path="C:/ti/ccs1281/ccs/tools/compiler/ti-cgt-c2000_22.6.1.LTS/include" --define=CPU1 -g --diag_warning=225 --diag_wrap=off --display_error_number --abi=coffabi --preproc_with_compile --preproc_dependency="F2837xD_Gpio.d_raw"  "C:/ti/c2000/C2000Ware_6_00_00_00/device_support/f2837xd/common/source/F2837xD_Gpio.c"
Finished building: "C:/ti/c2000/C2000Ware_6_00_00_00/device_support/f2837xd/common/source/F2837xD_Gpio.c"
 
Building file: "C:/ti/c2000/C2000Ware_6_00_00_00/device_support/f2837xd/common/source/F2837xD_SysCtrl.c"
Invoking: C2000 Compiler
"C:/ti/ccs1281/ccs/tools/compiler/ti-cgt-c2000_22.6.1.LTS/bin/cl2000" -v28 -ml -mt --cla_support=cla1 --float_support=fpu32 --tmu_support=tmu0 --vcu_support=vcu2 --include_path="D:/SEM-5/Open_Laboratory_1/CCS_Codes/Open_lab" --include_path="C:/ti/c2000/C2000Ware_6_00_00_00/device_support/f2837xd/common/include" --include_path="C:/ti/c2000/C2000Ware_6_00_00_00/device_support/f2837xd/headers/include" --include_path="C:/ti/c2000/C2000Ware_6_00_00_00/driverlib/f2837xd/driverlib" --include_path="C:/ti/ccs1281/ccs/tools/compiler/ti-cgt-c2000_22.6.1.LTS/include" --define=CPU1 -g --diag_warning=225 --diag_wrap=off --display_error_number --abi=coffabi --preproc_with_compile --preproc_dependency="F2837xD_SysCtrl.d_raw"  "C:/ti/c2000/C2000Ware_6_00_00_00/device_support/f2837xd/common/source/F2837xD_SysCtrl.c"
"C:/ti/c2000/C2000Ware_6_00_00_00/device_support/f2837xd/common/source/F2837xD_SysCtrl.c", line 837 (col. 47): advice #2614-D: (Performance) Use --fp_mode=relaxed to enable TMU hardware support for FP division.
Finished building: "C:/ti/c2000/C2000Ware_6_00_00_00/device_support/f2837xd/common/source/F2837xD_SysCtrl.c"
 
Building file: "C:/ti/c2000/C2000Ware_6_00_00_00/device_support/f2837xd/headers/source/F2837xD_GlobalVariableDefs.c"
Invoking: C2000 Compiler
"C:/ti/ccs1281/ccs/tools/compiler/ti-cgt-c2000_22.6.1.LTS/bin/cl2000" -v28 -ml -mt --cla_support=cla1 --float_support=fpu32 --tmu_support=tmu0 --vcu_support=vcu2 --include_path="D:/SEM-5/Open_Laboratory_1/CCS_Codes/Open_lab" --include_path="C:/ti/c2000/C2000Ware_6_00_00_00/device_support/f2837xd/common/include" --include_path="C:/ti/c2000/C2000Ware_6_00_00_00/device_support/f2837xd/headers/include" --include_path="C:/ti/c2000/C2000Ware_6_00_00_00/driverlib/f2837xd/driverlib" --include_path="C:/ti/ccs1281/ccs/tools/compiler/ti-cgt-c2000_22.6.1.LTS/include" --define=CPU1 -g --diag_warning=225 --diag_wrap=off --display_error_number --abi=coffabi --preproc_with_compile --preproc_dependency="F2837xD_GlobalVariableDefs.d_raw"  "C:/ti/c2000/C2000Ware_6_00_00_00/device_support/f2837xd/headers/source/F2837xD_GlobalVariableDefs.c"
Finished building: "C:/ti/c2000/C2000Ware_6_00_00_00/device_support/f2837xd/headers/source/F2837xD_GlobalVariableDefs.c"
 
Building target: "Open_lab.out"
Invoking: C2000 Linker
"C:/ti/ccs1281/ccs/tools/compiler/ti-cgt-c2000_22.6.1.LTS/bin/cl2000" -v28 -ml -mt --cla_support=cla1 --float_support=fpu32 --tmu_support=tmu0 --vcu_support=vcu2 --define=CPU1 -g --diag_warning=225 --diag_wrap=off --display_error_number --abi=coffabi -z -m"Open_lab.map" --stack_size=0x200 --warn_sections -i"C:/ti/ccs1281/ccs/tools/compiler/ti-cgt-c2000_22.6.1.LTS/lib" -i"C:/ti/c2000/C2000Ware_6_00_00_00/device_support/f2837xd/common/cmd" -i"C:/ti/c2000/C2000Ware_6_00_00_00/device_support/f2837xd/headers/cmd" -i"C:/ti/ccs1281/ccs/tools/compiler/ti-cgt-c2000_22.6.1.LTS/include" --reread_libs --diag_wrap=off --display_error_number --xml_link_info="Open_lab_linkInfo.xml" --rom_model -o "Open_lab.out" "./F2837xD_CodeStartBranch.obj" "./F2837xD_GlobalVariableDefs.obj" "./F2837xD_Gpio.obj" "./F2837xD_Ipc.obj" "./F2837xD_SysCtrl.obj" "./F2837xD_usDelay.obj" "./main.obj" "../2837x_FLASH_lnk_cpu1.cmd"  -llibc.a -l"C:/ti/c2000/C2000Ware_6_00_00_00/device_support/f2837xd/headers/cmd/F2837xD_Headers_nonBIOS_cpu1.cmd" 
<Linking>
 
 undefined              first referenced
  symbol                    in file     
 ---------              ----------------
 _Device_init           ./main.obj      
 _Device_initGPIO       ./main.obj      
 _GPIO_setDirectionMode ./main.obj      
 _GPIO_setPadConfig     ./main.obj      
 _SysCtl_delay          ./main.obj      
 
error #10234-D: unresolved symbols remain
error #10010: errors encountered during linking; "Open_lab.out" not built
 
>> Compilation failure
makefile:142: recipe for target 'Open_lab.out' failed
makefile:138: recipe for target 'all' failed
gmake[1]: *** [Open_lab.out] Error 1
gmake: *** [all] Error 2

**** Build Finished ****

**** Build of configuration Debug for project Open_lab ****

"C:\\ti\\ccs1281\\ccs\\utils\\bin\\gmake" -k -j 16 all -O 
 
Building file: "C:/ti/c2000/C2000Ware_6_00_00_00/device_support/f2837xd/headers/source/F2837xD_GlobalVariableDefs.c"
Invoking: C2000 Compiler
"C:/ti/ccs1281/ccs/tools/compiler/ti-cgt-c2000_22.6.1.LTS/bin/cl2000" -v28 -ml -mt --cla_support=cla1 --float_support=fpu32 --tmu_support=tmu0 --vcu_support=vcu2 --include_path="D:/SEM-5/Open_Laboratory_1/CCS_Codes/Open_lab" --include_path="C:/ti/c2000/C2000Ware_6_00_00_00/device_support/f2837xd/common/include" --include_path="C:/ti/c2000/C2000Ware_6_00_00_00/device_support/f2837xd/headers/include" --include_path="C:/ti/ccs1281/ccs/tools/compiler/ti-cgt-c2000_22.6.1.LTS/include" -g --diag_warning=225 --diag_wrap=off --display_error_number --abi=coffabi --preproc_with_compile --preproc_dependency="F2837xD_GlobalVariableDefs.d_raw"  "C:/ti/c2000/C2000Ware_6_00_00_00/device_support/f2837xd/headers/source/F2837xD_GlobalVariableDefs.c"
 
>> Compilation failure
subdir_rules.mk:16: recipe for target 'F2837xD_GlobalVariableDefs.obj' failed
"C:/ti/c2000/C2000Ware_6_00_00_00/device_support/f2837xd/headers/include/F2837xD_device.h", line 47: fatal error #35: #error directive: "You must define CPU1 or CPU2 in your project properties.  Otherwise, the offsets in your header files will be inaccurate."
1 catastrophic error detected in the compilation of "C:/ti/c2000/C2000Ware_6_00_00_00/device_support/f2837xd/headers/source/F2837xD_GlobalVariableDefs.c".
Compilation terminated.
gmake: *** [F2837xD_GlobalVariableDefs.obj] Error 1
Building file: "C:/ti/c2000/C2000Ware_6_00_00_00/device_support/f2837xd/common/source/F2837xD_CodeStartBranch.asm"
Invoking: C2000 Compiler
"C:/ti/ccs1281/ccs/tools/compiler/ti-cgt-c2000_22.6.1.LTS/bin/cl2000" -v28 -ml -mt --cla_support=cla1 --float_support=fpu32 --tmu_support=tmu0 --vcu_support=vcu2 --include_path="D:/SEM-5/Open_Laboratory_1/CCS_Codes/Open_lab" --include_path="C:/ti/c2000/C2000Ware_6_00_00_00/device_support/f2837xd/common/include" --include_path="C:/ti/c2000/C2000Ware_6_00_00_00/device_support/f2837xd/headers/include" --include_path="C:/ti/ccs1281/ccs/tools/compiler/ti-cgt-c2000_22.6.1.LTS/include" -g --diag_warning=225 --diag_wrap=off --display_error_number --abi=coffabi --preproc_with_compile --preproc_dependency="F2837xD_CodeStartBranch.d_raw"  "C:/ti/c2000/C2000Ware_6_00_00_00/device_support/f2837xd/common/source/F2837xD_CodeStartBranch.asm"
Finished building: "C:/ti/c2000/C2000Ware_6_00_00_00/device_support/f2837xd/common/source/F2837xD_CodeStartBranch.asm"
 
Building file: "C:/ti/c2000/C2000Ware_6_00_00_00/device_support/f2837xd/common/source/F2837xD_Gpio.c"
Invoking: C2000 Compiler
"C:/ti/ccs1281/ccs/tools/compiler/ti-cgt-c2000_22.6.1.LTS/bin/cl2000" -v28 -ml -mt --cla_support=cla1 --float_support=fpu32 --tmu_support=tmu0 --vcu_support=vcu2 --include_path="D:/SEM-5/Open_Laboratory_1/CCS_Codes/Open_lab" --include_path="C:/ti/c2000/C2000Ware_6_00_00_00/device_support/f2837xd/common/include" --include_path="C:/ti/c2000/C2000Ware_6_00_00_00/device_support/f2837xd/headers/include" --include_path="C:/ti/ccs1281/ccs/tools/compiler/ti-cgt-c2000_22.6.1.LTS/include" -g --diag_warning=225 --diag_wrap=off --display_error_number --abi=coffabi --preproc_with_compile --preproc_dependency="F2837xD_Gpio.d_raw"  "C:/ti/c2000/C2000Ware_6_00_00_00/device_support/f2837xd/common/source/F2837xD_Gpio.c"
 
>> Compilation failure
subdir_rules.mk:23: recipe for target 'F2837xD_Gpio.obj' failed
"C:/ti/c2000/C2000Ware_6_00_00_00/device_support/f2837xd/headers/include/F2837xD_device.h", line 47: fatal error #35: #error directive: "You must define CPU1 or CPU2 in your project properties.  Otherwise, the offsets in your header files will be inaccurate."
1 catastrophic error detected in the compilation of "C:/ti/c2000/C2000Ware_6_00_00_00/device_support/f2837xd/common/source/F2837xD_Gpio.c".
Compilation terminated.
gmake: *** [F2837xD_Gpio.obj] Error 1
Building file: "C:/ti/c2000/C2000Ware_6_00_00_00/device_support/f2837xd/common/source/F2837xD_Ipc.c"
Invoking: C2000 Compiler
"C:/ti/ccs1281/ccs/tools/compiler/ti-cgt-c2000_22.6.1.LTS/bin/cl2000" -v28 -ml -mt --cla_support=cla1 --float_support=fpu32 --tmu_support=tmu0 --vcu_support=vcu2 --include_path="D:/SEM-5/Open_Laboratory_1/CCS_Codes/Open_lab" --include_path="C:/ti/c2000/C2000Ware_6_00_00_00/device_support/f2837xd/common/include" --include_path="C:/ti/c2000/C2000Ware_6_00_00_00/device_support/f2837xd/headers/include" --include_path="C:/ti/ccs1281/ccs/tools/compiler/ti-cgt-c2000_22.6.1.LTS/include" -g --diag_warning=225 --diag_wrap=off --display_error_number --abi=coffabi --preproc_with_compile --preproc_dependency="F2837xD_Ipc.d_raw"  "C:/ti/c2000/C2000Ware_6_00_00_00/device_support/f2837xd/common/source/F2837xD_Ipc.c"
 
>> Compilation failure
subdir_rules.mk:30: recipe for target 'F2837xD_Ipc.obj' failed
"C:/ti/c2000/C2000Ware_6_00_00_00/device_support/f2837xd/headers/include/F2837xD_device.h", line 47: fatal error #35: #error directive: "You must define CPU1 or CPU2 in your project properties.  Otherwise, the offsets in your header files will be inaccurate."
1 catastrophic error detected in the compilation of "C:/ti/c2000/C2000Ware_6_00_00_00/device_support/f2837xd/common/source/F2837xD_Ipc.c".
Compilation terminated.
gmake: *** [F2837xD_Ipc.obj] Error 1
Building file: "C:/ti/c2000/C2000Ware_6_00_00_00/device_support/f2837xd/common/source/F2837xD_SysCtrl.c"
Invoking: C2000 Compiler
"C:/ti/ccs1281/ccs/tools/compiler/ti-cgt-c2000_22.6.1.LTS/bin/cl2000" -v28 -ml -mt --cla_support=cla1 --float_support=fpu32 --tmu_support=tmu0 --vcu_support=vcu2 --include_path="D:/SEM-5/Open_Laboratory_1/CCS_Codes/Open_lab" --include_path="C:/ti/c2000/C2000Ware_6_00_00_00/device_support/f2837xd/common/include" --include_path="C:/ti/c2000/C2000Ware_6_00_00_00/device_support/f2837xd/headers/include" --include_path="C:/ti/ccs1281/ccs/tools/compiler/ti-cgt-c2000_22.6.1.LTS/include" -g --diag_warning=225 --diag_wrap=off --display_error_number --abi=coffabi --preproc_with_compile --preproc_dependency="F2837xD_SysCtrl.d_raw"  "C:/ti/c2000/C2000Ware_6_00_00_00/device_support/f2837xd/common/source/F2837xD_SysCtrl.c"
 
>> Compilation failure
subdir_rules.mk:37: recipe for target 'F2837xD_SysCtrl.obj' failed
"C:/ti/c2000/C2000Ware_6_00_00_00/device_support/f2837xd/headers/include/F2837xD_device.h", line 47: fatal error #35: #error directive: "You must define CPU1 or CPU2 in your project properties.  Otherwise, the offsets in your header files will be inaccurate."
1 catastrophic error detected in the compilation of "C:/ti/c2000/C2000Ware_6_00_00_00/device_support/f2837xd/common/source/F2837xD_SysCtrl.c".
Compilation terminated.
gmake: *** [F2837xD_SysCtrl.obj] Error 1
Building file: "../main.c"
Invoking: C2000 Compiler
"C:/ti/ccs1281/ccs/tools/compiler/ti-cgt-c2000_22.6.1.LTS/bin/cl2000" -v28 -ml -mt --cla_support=cla1 --float_support=fpu32 --tmu_support=tmu0 --vcu_support=vcu2 --include_path="D:/SEM-5/Open_Laboratory_1/CCS_Codes/Open_lab" --include_path="C:/ti/c2000/C2000Ware_6_00_00_00/device_support/f2837xd/common/include" --include_path="C:/ti/c2000/C2000Ware_6_00_00_00/device_support/f2837xd/headers/include" --include_path="C:/ti/ccs1281/ccs/tools/compiler/ti-cgt-c2000_22.6.1.LTS/include" -g --diag_warning=225 --diag_wrap=off --display_error_number --abi=coffabi --preproc_with_compile --preproc_dependency="main.d_raw"  "../main.c"
 
>> Compilation failure
subdir_rules.mk:51: recipe for target 'main.obj' failed
"C:/ti/c2000/C2000Ware_6_00_00_00/device_support/f2837xd/common/include/driverlib.h", line 45: fatal error #1965: cannot open source file "inc/hw_memmap.h"
1 catastrophic error detected in the compilation of "../main.c".
Compilation terminated.
gmake: *** [main.obj] Error 1
Building file: "C:/ti/c2000/C2000Ware_6_00_00_00/device_support/f2837xd/common/source/F2837xD_usDelay.asm"
Invoking: C2000 Compiler
"C:/ti/ccs1281/ccs/tools/compiler/ti-cgt-c2000_22.6.1.LTS/bin/cl2000" -v28 -ml -mt --cla_support=cla1 --float_support=fpu32 --tmu_support=tmu0 --vcu_support=vcu2 --include_path="D:/SEM-5/Open_Laboratory_1/CCS_Codes/Open_lab" --include_path="C:/ti/c2000/C2000Ware_6_00_00_00/device_support/f2837xd/common/include" --include_path="C:/ti/c2000/C2000Ware_6_00_00_00/device_support/f2837xd/headers/include" --include_path="C:/ti/ccs1281/ccs/tools/compiler/ti-cgt-c2000_22.6.1.LTS/include" -g --diag_warning=225 --diag_wrap=off --display_error_number --abi=coffabi --preproc_with_compile --preproc_dependency="F2837xD_usDelay.d_raw"  "C:/ti/c2000/C2000Ware_6_00_00_00/device_support/f2837xd/common/source/F2837xD_usDelay.asm"
Finished building: "C:/ti/c2000/C2000Ware_6_00_00_00/device_support/f2837xd/common/source/F2837xD_usDelay.asm"
 
gmake: Target 'all' not remade because of errors.

**** Build Finished ****

**** Build of configuration Debug for project Open_lab ****

"C:\\ti\\ccs1281\\ccs\\utils\\bin\\gmake" -k -j 16 all -O 
 
Building file: "C:/ti/c2000/C2000Ware_6_00_00_00/device_support/f2837xd/common/source/F2837xD_CodeStartBranch.asm"
Invoking: C2000 Compiler
"C:/ti/ccs1281/ccs/tools/compiler/ti-cgt-c2000_22.6.1.LTS/bin/cl2000" -v28 -ml -mt --cla_support=cla1 --float_support=fpu32 --tmu_support=tmu0 --vcu_support=vcu2 --include_path="D:/SEM-5/Open_Laboratory_1/CCS_Codes/Open_lab" --include_path="C:/ti/c2000/C2000Ware_6_00_00_00/device_support/f2837xd/common/include" --include_path="C:/ti/c2000/C2000Ware_6_00_00_00/device_support/f2837xd/headers/include" --include_path="C:/ti/ccs1281/ccs/tools/compiler/ti-cgt-c2000_22.6.1.LTS/include" --define=CPU1 -g --diag_warning=225 --diag_wrap=off --display_error_number --abi=coffabi --preproc_with_compile --preproc_dependency="F2837xD_CodeStartBranch.d_raw"  "C:/ti/c2000/C2000Ware_6_00_00_00/device_support/f2837xd/common/source/F2837xD_CodeStartBranch.asm"
Finished building: "C:/ti/c2000/C2000Ware_6_00_00_00/device_support/f2837xd/common/source/F2837xD_CodeStartBranch.asm"
 
Building file: "../main.c"
Invoking: C2000 Compiler
"C:/ti/ccs1281/ccs/tools/compiler/ti-cgt-c2000_22.6.1.LTS/bin/cl2000" -v28 -ml -mt --cla_support=cla1 --float_support=fpu32 --tmu_support=tmu0 --vcu_support=vcu2 --include_path="D:/SEM-5/Open_Laboratory_1/CCS_Codes/Open_lab" --include_path="C:/ti/c2000/C2000Ware_6_00_00_00/device_support/f2837xd/common/include" --include_path="C:/ti/c2000/C2000Ware_6_00_00_00/device_support/f2837xd/headers/include" --include_path="C:/ti/ccs1281/ccs/tools/compiler/ti-cgt-c2000_22.6.1.LTS/include" --define=CPU1 -g --diag_warning=225 --diag_wrap=off --display_error_number --abi=coffabi --preproc_with_compile --preproc_dependency="main.d_raw"  "../main.c"
 
>> Compilation failure
subdir_rules.mk:51: recipe for target 'main.obj' failed
"C:/ti/c2000/C2000Ware_6_00_00_00/device_support/f2837xd/common/include/driverlib.h", line 45: fatal error #1965: cannot open source file "inc/hw_memmap.h"
1 catastrophic error detected in the compilation of "../main.c".
Compilation terminated.
gmake: *** [main.obj] Error 1
Building file: "C:/ti/c2000/C2000Ware_6_00_00_00/device_support/f2837xd/common/source/F2837xD_usDelay.asm"
Invoking: C2000 Compiler
"C:/ti/ccs1281/ccs/tools/compiler/ti-cgt-c2000_22.6.1.LTS/bin/cl2000" -v28 -ml -mt --cla_support=cla1 --float_support=fpu32 --tmu_support=tmu0 --vcu_support=vcu2 --include_path="D:/SEM-5/Open_Laboratory_1/CCS_Codes/Open_lab" --include_path="C:/ti/c2000/C2000Ware_6_00_00_00/device_support/f2837xd/common/include" --include_path="C:/ti/c2000/C2000Ware_6_00_00_00/device_support/f2837xd/headers/include" --include_path="C:/ti/ccs1281/ccs/tools/compiler/ti-cgt-c2000_22.6.1.LTS/include" --define=CPU1 -g --diag_warning=225 --diag_wrap=off --display_error_number --abi=coffabi --preproc_with_compile --preproc_dependency="F2837xD_usDelay.d_raw"  "C:/ti/c2000/C2000Ware_6_00_00_00/device_support/f2837xd/common/source/F2837xD_usDelay.asm"
Finished building: "C:/ti/c2000/C2000Ware_6_00_00_00/device_support/f2837xd/common/source/F2837xD_usDelay.asm"
 
Building file: "C:/ti/c2000/C2000Ware_6_00_00_00/device_support/f2837xd/common/source/F2837xD_Ipc.c"
Invoking: C2000 Compiler
"C:/ti/ccs1281/ccs/tools/compiler/ti-cgt-c2000_22.6.1.LTS/bin/cl2000" -v28 -ml -mt --cla_support=cla1 --float_support=fpu32 --tmu_support=tmu0 --vcu_support=vcu2 --include_path="D:/SEM-5/Open_Laboratory_1/CCS_Codes/Open_lab" --include_path="C:/ti/c2000/C2000Ware_6_00_00_00/device_support/f2837xd/common/include" --include_path="C:/ti/c2000/C2000Ware_6_00_00_00/device_support/f2837xd/headers/include" --include_path="C:/ti/ccs1281/ccs/tools/compiler/ti-cgt-c2000_22.6.1.LTS/include" --define=CPU1 -g --diag_warning=225 --diag_wrap=off --display_error_number --abi=coffabi --preproc_with_compile --preproc_dependency="F2837xD_Ipc.d_raw"  "C:/ti/c2000/C2000Ware_6_00_00_00/device_support/f2837xd/common/source/F2837xD_Ipc.c"
Finished building: "C:/ti/c2000/C2000Ware_6_00_00_00/device_support/f2837xd/common/source/F2837xD_Ipc.c"
 
Building file: "C:/ti/c2000/C2000Ware_6_00_00_00/device_support/f2837xd/common/source/F2837xD_SysCtrl.c"
Invoking: C2000 Compiler
"C:/ti/ccs1281/ccs/tools/compiler/ti-cgt-c2000_22.6.1.LTS/bin/cl2000" -v28 -ml -mt --cla_support=cla1 --float_support=fpu32 --tmu_support=tmu0 --vcu_support=vcu2 --include_path="D:/SEM-5/Open_Laboratory_1/CCS_Codes/Open_lab" --include_path="C:/ti/c2000/C2000Ware_6_00_00_00/device_support/f2837xd/common/include" --include_path="C:/ti/c2000/C2000Ware_6_00_00_00/device_support/f2837xd/headers/include" --include_path="C:/ti/ccs1281/ccs/tools/compiler/ti-cgt-c2000_22.6.1.LTS/include" --define=CPU1 -g --diag_warning=225 --diag_wrap=off --display_error_number --abi=coffabi --preproc_with_compile --preproc_dependency="F2837xD_SysCtrl.d_raw"  "C:/ti/c2000/C2000Ware_6_00_00_00/device_support/f2837xd/common/source/F2837xD_SysCtrl.c"
Finished building: "C:/ti/c2000/C2000Ware_6_00_00_00/device_support/f2837xd/common/source/F2837xD_SysCtrl.c"
 
Building file: "C:/ti/c2000/C2000Ware_6_00_00_00/device_support/f2837xd/common/source/F2837xD_Gpio.c"
Invoking: C2000 Compiler
"C:/ti/ccs1281/ccs/tools/compiler/ti-cgt-c2000_22.6.1.LTS/bin/cl2000" -v28 -ml -mt --cla_support=cla1 --float_support=fpu32 --tmu_support=tmu0 --vcu_support=vcu2 --include_path="D:/SEM-5/Open_Laboratory_1/CCS_Codes/Open_lab" --include_path="C:/ti/c2000/C2000Ware_6_00_00_00/device_support/f2837xd/common/include" --include_path="C:/ti/c2000/C2000Ware_6_00_00_00/device_support/f2837xd/headers/include" --include_path="C:/ti/ccs1281/ccs/tools/compiler/ti-cgt-c2000_22.6.1.LTS/include" --define=CPU1 -g --diag_warning=225 --diag_wrap=off --display_error_number --abi=coffabi --preproc_with_compile --preproc_dependency="F2837xD_Gpio.d_raw"  "C:/ti/c2000/C2000Ware_6_00_00_00/device_support/f2837xd/common/source/F2837xD_Gpio.c"
"C:/ti/c2000/C2000Ware_6_00_00_00/device_support/f2837xd/common/source/F2837xD_SysCtrl.c", line 837 (col. 47): advice #2614-D: (Performance) Use --fp_mode=relaxed to enable TMU hardware support for FP division.
Finished building: "C:/ti/c2000/C2000Ware_6_00_00_00/device_support/f2837xd/common/source/F2837xD_Gpio.c"
 
Building file: "C:/ti/c2000/C2000Ware_6_00_00_00/device_support/f2837xd/headers/source/F2837xD_GlobalVariableDefs.c"
Invoking: C2000 Compiler
"C:/ti/ccs1281/ccs/tools/compiler/ti-cgt-c2000_22.6.1.LTS/bin/cl2000" -v28 -ml -mt --cla_support=cla1 --float_support=fpu32 --tmu_support=tmu0 --vcu_support=vcu2 --include_path="D:/SEM-5/Open_Laboratory_1/CCS_Codes/Open_lab" --include_path="C:/ti/c2000/C2000Ware_6_00_00_00/device_support/f2837xd/common/include" --include_path="C:/ti/c2000/C2000Ware_6_00_00_00/device_support/f2837xd/headers/include" --include_path="C:/ti/ccs1281/ccs/tools/compiler/ti-cgt-c2000_22.6.1.LTS/include" --define=CPU1 -g --diag_warning=225 --diag_wrap=off --display_error_number --abi=coffabi --preproc_with_compile --preproc_dependency="F2837xD_GlobalVariableDefs.d_raw"  "C:/ti/c2000/C2000Ware_6_00_00_00/device_support/f2837xd/headers/source/F2837xD_GlobalVariableDefs.c"
Finished building: "C:/ti/c2000/C2000Ware_6_00_00_00/device_support/f2837xd/headers/source/F2837xD_GlobalVariableDefs.c"
 
gmake: Target 'all' not remade because of errors.

**** Build Finished ****

**** Build of configuration Debug for project Open_lab ****

"C:\\ti\\ccs1281\\ccs\\utils\\bin\\gmake" -k -j 16 all -O 
 
Building file: "../main.c"
Invoking: C2000 Compiler
"C:/ti/ccs1281/ccs/tools/compiler/ti-cgt-c2000_22.6.1.LTS/bin/cl2000" -v28 -ml -mt --cla_support=cla1 --float_support=fpu32 --tmu_support=tmu0 --vcu_support=vcu2 --include_path="D:/SEM-5/Open_Laboratory_1/CCS_Codes/Open_lab" --include_path="C:/ti/c2000/C2000Ware_6_00_00_00/device_support/f2837xd/common/include" --include_path="C:/ti/c2000/C2000Ware_6_00_00_00/device_support/f2837xd/headers/include" --include_path="C:/ti/ccs1281/ccs/tools/compiler/ti-cgt-c2000_22.6.1.LTS/include" --define=CPU1 -g --diag_warning=225 --diag_wrap=off --display_error_number --abi=coffabi --preproc_with_compile --preproc_dependency="main.d_raw"  "../main.c"
 
>> Compilation failure
subdir_rules.mk:51: recipe for target 'main.obj' failed
"C:/ti/c2000/C2000Ware_6_00_00_00/device_support/f2837xd/common/include/driverlib.h", line 45: fatal error #1965: cannot open source file "inc/hw_memmap.h"
1 catastrophic error detected in the compilation of "../main.c".
Compilation terminated.
gmake: *** [main.obj] Error 1
gmake: Target 'all' not remade because of errors.

**** Build Finished ****

**** Build of configuration Debug for project Open_lab ****

"C:\\ti\\ccs1281\\ccs\\utils\\bin\\gmake" -k -j 16 all -O 
 
Building file: "../main.c"
Invoking: C2000 Compiler
"C:/ti/ccs1281/ccs/tools/compiler/ti-cgt-c2000_22.6.1.LTS/bin/cl2000" -v28 -ml -mt --cla_support=cla1 --float_support=fpu32 --tmu_support=tmu0 --vcu_support=vcu2 --include_path="D:/SEM-5/Open_Laboratory_1/CCS_Codes/Open_lab" --include_path="C:/ti/c2000/C2000Ware_6_00_00_00/device_support/f2837xd/common/include" --include_path="C:/ti/c2000/C2000Ware_6_00_00_00/device_support/f2837xd/headers/include" --include_path="C:/ti/ccs1281/ccs/tools/compiler/ti-cgt-c2000_22.6.1.LTS/include" --define=CPU1 -g --diag_warning=225 --diag_wrap=off --display_error_number --abi=coffabi --preproc_with_compile --preproc_dependency="main.d_raw"  "../main.c"
 
>> Compilation failure
subdir_rules.mk:51: recipe for target 'main.obj' failed
"C:/ti/c2000/C2000Ware_6_00_00_00/device_support/f2837xd/common/include/driverlib.h", line 45: fatal error #1965: cannot open source file "inc/hw_memmap.h"
1 catastrophic error detected in the compilation of "../main.c".
Compilation terminated.
gmake: *** [main.obj] Error 1
gmake: Target 'all' not remade because of errors.

**** Build Finished ****

**** Build of configuration Debug for project Open_lab ****

"C:\\ti\\ccs1281\\ccs\\utils\\bin\\gmake" -k -j 16 all -O 
 
Building file: "../main.c"
Invoking: C2000 Compiler
"C:/ti/ccs1281/ccs/tools/compiler/ti-cgt-c2000_22.6.1.LTS/bin/cl2000" -v28 -ml -mt --cla_support=cla1 --float_support=fpu32 --tmu_support=tmu0 --vcu_support=vcu2 --include_path="D:/SEM-5/Open_Laboratory_1/CCS_Codes/Open_lab" --include_path="C:/ti/c2000/C2000Ware_6_00_00_00/device_support/f2837xd/common/include" --include_path="C:/ti/c2000/C2000Ware_6_00_00_00/device_support/f2837xd/headers/include" --include_path="C:/ti/ccs1281/ccs/tools/compiler/ti-cgt-c2000_22.6.1.LTS/include" --define=CPU1 -g --diag_warning=225 --diag_wrap=off --display_error_number --abi=coffabi --preproc_with_compile --preproc_dependency="main.d_raw"  "../main.c"
 
>> Compilation failure
subdir_rules.mk:51: recipe for target 'main.obj' failed
"C:/ti/c2000/C2000Ware_6_00_00_00/device_support/f2837xd/common/include/driverlib.h", line 45: fatal error #1965: cannot open source file "inc/hw_memmap.h"
1 catastrophic error detected in the compilation of "../main.c".
Compilation terminated.
gmake: *** [main.obj] Error 1
gmake: Target 'all' not remade because of errors.

**** Build Finished ****

**** Build of configuration Debug for project Open_lab ****

"C:\\ti\\ccs1281\\ccs\\utils\\bin\\gmake" -k -j 16 all -O 
 
Building file: "C:/ti/c2000/C2000Ware_6_00_00_00/device_support/f2837xd/common/source/F2837xD_CodeStartBranch.asm"
Invoking: C2000 Compiler
"C:/ti/ccs1281/ccs/tools/compiler/ti-cgt-c2000_22.6.1.LTS/bin/cl2000" -v28 -ml -mt --cla_support=cla1 --float_support=fpu32 --tmu_support=tmu0 --vcu_support=vcu2 --include_path="D:/SEM-5/Open_Laboratory_1/CCS_Codes/Open_lab" --include_path="C:/ti/c2000/C2000Ware_6_00_00_00/device_support/f2837xd/common/include" --include_path="C:/ti/c2000/C2000Ware_6_00_00_00/device_support/f2837xd/headers/include" --include_path="C:/ti/ccs1281/ccs/tools/compiler/ti-cgt-c2000_22.6.1.LTS/include" --advice:performance=all --define=CPU1 -g --diag_warning=225 --diag_wrap=off --display_error_number --abi=coffabi --preproc_with_compile --preproc_dependency="F2837xD_CodeStartBranch.d_raw"  "C:/ti/c2000/C2000Ware_6_00_00_00/device_support/f2837xd/common/source/F2837xD_CodeStartBranch.asm"
Finished building: "C:/ti/c2000/C2000Ware_6_00_00_00/device_support/f2837xd/common/source/F2837xD_CodeStartBranch.asm"
 
Building file: "../main.c"
Invoking: C2000 Compiler
"C:/ti/ccs1281/ccs/tools/compiler/ti-cgt-c2000_22.6.1.LTS/bin/cl2000" -v28 -ml -mt --cla_support=cla1 --float_support=fpu32 --tmu_support=tmu0 --vcu_support=vcu2 --include_path="D:/SEM-5/Open_Laboratory_1/CCS_Codes/Open_lab" --include_path="C:/ti/c2000/C2000Ware_6_00_00_00/device_support/f2837xd/common/include" --include_path="C:/ti/c2000/C2000Ware_6_00_00_00/device_support/f2837xd/headers/include" --include_path="C:/ti/ccs1281/ccs/tools/compiler/ti-cgt-c2000_22.6.1.LTS/include" --advice:performance=all --define=CPU1 -g --diag_warning=225 --diag_wrap=off --display_error_number --abi=coffabi --preproc_with_compile --preproc_dependency="main.d_raw"  "../main.c"
 
>> Compilation failure
subdir_rules.mk:51: recipe for target 'main.obj' failed
"C:/ti/c2000/C2000Ware_6_00_00_00/device_support/f2837xd/common/include/driverlib.h", line 45: fatal error #1965: cannot open source file "inc/hw_memmap.h"
1 catastrophic error detected in the compilation of "../main.c".
Compilation terminated.
gmake: *** [main.obj] Error 1
Building file: "C:/ti/c2000/C2000Ware_6_00_00_00/device_support/f2837xd/common/source/F2837xD_Ipc.c"
Invoking: C2000 Compiler
"C:/ti/ccs1281/ccs/tools/compiler/ti-cgt-c2000_22.6.1.LTS/bin/cl2000" -v28 -ml -mt --cla_support=cla1 --float_support=fpu32 --tmu_support=tmu0 --vcu_support=vcu2 --include_path="D:/SEM-5/Open_Laboratory_1/CCS_Codes/Open_lab" --include_path="C:/ti/c2000/C2000Ware_6_00_00_00/device_support/f2837xd/common/include" --include_path="C:/ti/c2000/C2000Ware_6_00_00_00/device_support/f2837xd/headers/include" --include_path="C:/ti/ccs1281/ccs/tools/compiler/ti-cgt-c2000_22.6.1.LTS/include" --advice:performance=all --define=CPU1 -g --diag_warning=225 --diag_wrap=off --display_error_number --abi=coffabi --preproc_with_compile --preproc_dependency="F2837xD_Ipc.d_raw"  "C:/ti/c2000/C2000Ware_6_00_00_00/device_support/f2837xd/common/source/F2837xD_Ipc.c"
Finished building: "C:/ti/c2000/C2000Ware_6_00_00_00/device_support/f2837xd/common/source/F2837xD_Ipc.c"
 
Building file: "C:/ti/c2000/C2000Ware_6_00_00_00/device_support/f2837xd/common/source/F2837xD_usDelay.asm"
Invoking: C2000 Compiler
"C:/ti/ccs1281/ccs/tools/compiler/ti-cgt-c2000_22.6.1.LTS/bin/cl2000" -v28 -ml -mt --cla_support=cla1 --float_support=fpu32 --tmu_support=tmu0 --vcu_support=vcu2 --include_path="D:/SEM-5/Open_Laboratory_1/CCS_Codes/Open_lab" --include_path="C:/ti/c2000/C2000Ware_6_00_00_00/device_support/f2837xd/common/include" --include_path="C:/ti/c2000/C2000Ware_6_00_00_00/device_support/f2837xd/headers/include" --include_path="C:/ti/ccs1281/ccs/tools/compiler/ti-cgt-c2000_22.6.1.LTS/include" --advice:performance=all --define=CPU1 -g --diag_warning=225 --diag_wrap=off --display_error_number --abi=coffabi --preproc_with_compile --preproc_dependency="F2837xD_usDelay.d_raw"  "C:/ti/c2000/C2000Ware_6_00_00_00/device_support/f2837xd/common/source/F2837xD_usDelay.asm"
Finished building: "C:/ti/c2000/C2000Ware_6_00_00_00/device_support/f2837xd/common/source/F2837xD_usDelay.asm"
 
Building file: "C:/ti/c2000/C2000Ware_6_00_00_00/device_support/f2837xd/common/source/F2837xD_Gpio.c"
Invoking: C2000 Compiler
"C:/ti/ccs1281/ccs/tools/compiler/ti-cgt-c2000_22.6.1.LTS/bin/cl2000" -v28 -ml -mt --cla_support=cla1 --float_support=fpu32 --tmu_support=tmu0 --vcu_support=vcu2 --include_path="D:/SEM-5/Open_Laboratory_1/CCS_Codes/Open_lab" --include_path="C:/ti/c2000/C2000Ware_6_00_00_00/device_support/f2837xd/common/include" --include_path="C:/ti/c2000/C2000Ware_6_00_00_00/device_support/f2837xd/headers/include" --include_path="C:/ti/ccs1281/ccs/tools/compiler/ti-cgt-c2000_22.6.1.LTS/include" --advice:performance=all --define=CPU1 -g --diag_warning=225 --diag_wrap=off --display_error_number --abi=coffabi --preproc_with_compile --preproc_dependency="F2837xD_Gpio.d_raw"  "C:/ti/c2000/C2000Ware_6_00_00_00/device_support/f2837xd/common/source/F2837xD_Gpio.c"
Finished building: "C:/ti/c2000/C2000Ware_6_00_00_00/device_support/f2837xd/common/source/F2837xD_Gpio.c"
 
Building file: "C:/ti/c2000/C2000Ware_6_00_00_00/device_support/f2837xd/common/source/F2837xD_SysCtrl.c"
Invoking: C2000 Compiler
"C:/ti/ccs1281/ccs/tools/compiler/ti-cgt-c2000_22.6.1.LTS/bin/cl2000" -v28 -ml -mt --cla_support=cla1 --float_support=fpu32 --tmu_support=tmu0 --vcu_support=vcu2 --include_path="D:/SEM-5/Open_Laboratory_1/CCS_Codes/Open_lab" --include_path="C:/ti/c2000/C2000Ware_6_00_00_00/device_support/f2837xd/common/include" --include_path="C:/ti/c2000/C2000Ware_6_00_00_00/device_support/f2837xd/headers/include" --include_path="C:/ti/ccs1281/ccs/tools/compiler/ti-cgt-c2000_22.6.1.LTS/include" --advice:performance=all --define=CPU1 -g --diag_warning=225 --diag_wrap=off --display_error_number --abi=coffabi --preproc_with_compile --preproc_dependency="F2837xD_SysCtrl.d_raw"  "C:/ti/c2000/C2000Ware_6_00_00_00/device_support/f2837xd/common/source/F2837xD_SysCtrl.c"
"C:/ti/c2000/C2000Ware_6_00_00_00/device_support/f2837xd/common/source/F2837xD_SysCtrl.c", line 837 (col. 47): advice #2614-D: (Performance) Use --fp_mode=relaxed to enable TMU hardware support for FP division.
Finished building: "C:/ti/c2000/C2000Ware_6_00_00_00/device_support/f2837xd/common/source/F2837xD_SysCtrl.c"
 
Building file: "C:/ti/c2000/C2000Ware_6_00_00_00/device_support/f2837xd/headers/source/F2837xD_GlobalVariableDefs.c"
Invoking: C2000 Compiler
"C:/ti/ccs1281/ccs/tools/compiler/ti-cgt-c2000_22.6.1.LTS/bin/cl2000" -v28 -ml -mt --cla_support=cla1 --float_support=fpu32 --tmu_support=tmu0 --vcu_support=vcu2 --include_path="D:/SEM-5/Open_Laboratory_1/CCS_Codes/Open_lab" --include_path="C:/ti/c2000/C2000Ware_6_00_00_00/device_support/f2837xd/common/include" --include_path="C:/ti/c2000/C2000Ware_6_00_00_00/device_support/f2837xd/headers/include" --include_path="C:/ti/ccs1281/ccs/tools/compiler/ti-cgt-c2000_22.6.1.LTS/include" --advice:performance=all --define=CPU1 -g --diag_warning=225 --diag_wrap=off --display_error_number --abi=coffabi --preproc_with_compile --preproc_dependency="F2837xD_GlobalVariableDefs.d_raw"  "C:/ti/c2000/C2000Ware_6_00_00_00/device_support/f2837xd/headers/source/F2837xD_GlobalVariableDefs.c"
Finished building: "C:/ti/c2000/C2000Ware_6_00_00_00/device_support/f2837xd/headers/source/F2837xD_GlobalVariableDefs.c"
 
gmake: Target 'all' not remade because of errors.

**** Build Finished ****

**** Build of configuration Debug for project Open_lab ****

"C:\\ti\\ccs1281\\ccs\\utils\\bin\\gmake" -k -j 16 all -O 
 
Building file: "C:/ti/c2000/C2000Ware_6_00_00_00/device_support/f2837xd/common/source/F2837xD_CodeStartBranch.asm"
Invoking: C2000 Compiler
"C:/ti/ccs1281/ccs/tools/compiler/ti-cgt-c2000_22.6.1.LTS/bin/cl2000" -v28 -ml -mt --cla_support=cla1 --float_support=fpu32 --tmu_support=tmu0 --vcu_support=vcu2 --include_path="D:/SEM-5/Open_Laboratory_1/CCS_Codes/Open_lab" --include_path="C:/ti/c2000/C2000Ware_6_00_00_00/driverlib/f2837xd/driverlib" --include_path="C:/ti/c2000/C2000Ware_6_00_00_00/driverlib/f2837xd/driverlib/inc" --include_path="C:/ti/c2000/C2000Ware_6_00_00_00/device_support/f2837xd/common/include" --include_path="C:/ti/c2000/C2000Ware_6_00_00_00/device_support/f2837xd/headers/include" --include_path="C:/ti/ccs1281/ccs/tools/compiler/ti-cgt-c2000_22.6.1.LTS/include" --advice:performance=all --define=CPU1 -g --diag_warning=225 --diag_wrap=off --display_error_number --abi=coffabi --preproc_with_compile --preproc_dependency="F2837xD_CodeStartBranch.d_raw"  "C:/ti/c2000/C2000Ware_6_00_00_00/device_support/f2837xd/common/source/F2837xD_CodeStartBranch.asm"
Finished building: "C:/ti/c2000/C2000Ware_6_00_00_00/device_support/f2837xd/common/source/F2837xD_CodeStartBranch.asm"
 
Building file: "C:/ti/c2000/C2000Ware_6_00_00_00/device_support/f2837xd/common/source/F2837xD_usDelay.asm"
Invoking: C2000 Compiler
"C:/ti/ccs1281/ccs/tools/compiler/ti-cgt-c2000_22.6.1.LTS/bin/cl2000" -v28 -ml -mt --cla_support=cla1 --float_support=fpu32 --tmu_support=tmu0 --vcu_support=vcu2 --include_path="D:/SEM-5/Open_Laboratory_1/CCS_Codes/Open_lab" --include_path="C:/ti/c2000/C2000Ware_6_00_00_00/driverlib/f2837xd/driverlib" --include_path="C:/ti/c2000/C2000Ware_6_00_00_00/driverlib/f2837xd/driverlib/inc" --include_path="C:/ti/c2000/C2000Ware_6_00_00_00/device_support/f2837xd/common/include" --include_path="C:/ti/c2000/C2000Ware_6_00_00_00/device_support/f2837xd/headers/include" --include_path="C:/ti/ccs1281/ccs/tools/compiler/ti-cgt-c2000_22.6.1.LTS/include" --advice:performance=all --define=CPU1 -g --diag_warning=225 --diag_wrap=off --display_error_number --abi=coffabi --preproc_with_compile --preproc_dependency="F2837xD_usDelay.d_raw"  "C:/ti/c2000/C2000Ware_6_00_00_00/device_support/f2837xd/common/source/F2837xD_usDelay.asm"
Finished building: "C:/ti/c2000/C2000Ware_6_00_00_00/device_support/f2837xd/common/source/F2837xD_usDelay.asm"
 
Building file: "C:/ti/c2000/C2000Ware_6_00_00_00/device_support/f2837xd/common/source/F2837xD_Ipc.c"
Invoking: C2000 Compiler
"C:/ti/ccs1281/ccs/tools/compiler/ti-cgt-c2000_22.6.1.LTS/bin/cl2000" -v28 -ml -mt --cla_support=cla1 --float_support=fpu32 --tmu_support=tmu0 --vcu_support=vcu2 --include_path="D:/SEM-5/Open_Laboratory_1/CCS_Codes/Open_lab" --include_path="C:/ti/c2000/C2000Ware_6_00_00_00/driverlib/f2837xd/driverlib" --include_path="C:/ti/c2000/C2000Ware_6_00_00_00/driverlib/f2837xd/driverlib/inc" --include_path="C:/ti/c2000/C2000Ware_6_00_00_00/device_support/f2837xd/common/include" --include_path="C:/ti/c2000/C2000Ware_6_00_00_00/device_support/f2837xd/headers/include" --include_path="C:/ti/ccs1281/ccs/tools/compiler/ti-cgt-c2000_22.6.1.LTS/include" --advice:performance=all --define=CPU1 -g --diag_warning=225 --diag_wrap=off --display_error_number --abi=coffabi --preproc_with_compile --preproc_dependency="F2837xD_Ipc.d_raw"  "C:/ti/c2000/C2000Ware_6_00_00_00/device_support/f2837xd/common/source/F2837xD_Ipc.c"
Finished building: "C:/ti/c2000/C2000Ware_6_00_00_00/device_support/f2837xd/common/source/F2837xD_Ipc.c"
 
Building file: "../main.c"
Invoking: C2000 Compiler
"C:/ti/ccs1281/ccs/tools/compiler/ti-cgt-c2000_22.6.1.LTS/bin/cl2000" -v28 -ml -mt --cla_support=cla1 --float_support=fpu32 --tmu_support=tmu0 --vcu_support=vcu2 --include_path="D:/SEM-5/Open_Laboratory_1/CCS_Codes/Open_lab" --include_path="C:/ti/c2000/C2000Ware_6_00_00_00/driverlib/f2837xd/driverlib" --include_path="C:/ti/c2000/C2000Ware_6_00_00_00/driverlib/f2837xd/driverlib/inc" --include_path="C:/ti/c2000/C2000Ware_6_00_00_00/device_support/f2837xd/common/include" --include_path="C:/ti/c2000/C2000Ware_6_00_00_00/device_support/f2837xd/headers/include" --include_path="C:/ti/ccs1281/ccs/tools/compiler/ti-cgt-c2000_22.6.1.LTS/include" --advice:performance=all --define=CPU1 -g --diag_warning=225 --diag_wrap=off --display_error_number --abi=coffabi --preproc_with_compile --preproc_dependency="main.d_raw"  "../main.c"
Finished building: "../main.c"
 
Building file: "C:/ti/c2000/C2000Ware_6_00_00_00/device_support/f2837xd/common/source/F2837xD_Gpio.c"
Invoking: C2000 Compiler
"C:/ti/ccs1281/ccs/tools/compiler/ti-cgt-c2000_22.6.1.LTS/bin/cl2000" -v28 -ml -mt --cla_support=cla1 --float_support=fpu32 --tmu_support=tmu0 --vcu_support=vcu2 --include_path="D:/SEM-5/Open_Laboratory_1/CCS_Codes/Open_lab" --include_path="C:/ti/c2000/C2000Ware_6_00_00_00/driverlib/f2837xd/driverlib" --include_path="C:/ti/c2000/C2000Ware_6_00_00_00/driverlib/f2837xd/driverlib/inc" --include_path="C:/ti/c2000/C2000Ware_6_00_00_00/device_support/f2837xd/common/include" --include_path="C:/ti/c2000/C2000Ware_6_00_00_00/device_support/f2837xd/headers/include" --include_path="C:/ti/ccs1281/ccs/tools/compiler/ti-cgt-c2000_22.6.1.LTS/include" --advice:performance=all --define=CPU1 -g --diag_warning=225 --diag_wrap=off --display_error_number --abi=coffabi --preproc_with_compile --preproc_dependency="F2837xD_Gpio.d_raw"  "C:/ti/c2000/C2000Ware_6_00_00_00/device_support/f2837xd/common/source/F2837xD_Gpio.c"
Finished building: "C:/ti/c2000/C2000Ware_6_00_00_00/device_support/f2837xd/common/source/F2837xD_Gpio.c"
 
Building file: "C:/ti/c2000/C2000Ware_6_00_00_00/device_support/f2837xd/common/source/F2837xD_SysCtrl.c"
Invoking: C2000 Compiler
"C:/ti/ccs1281/ccs/tools/compiler/ti-cgt-c2000_22.6.1.LTS/bin/cl2000" -v28 -ml -mt --cla_support=cla1 --float_support=fpu32 --tmu_support=tmu0 --vcu_support=vcu2 --include_path="D:/SEM-5/Open_Laboratory_1/CCS_Codes/Open_lab" --include_path="C:/ti/c2000/C2000Ware_6_00_00_00/driverlib/f2837xd/driverlib" --include_path="C:/ti/c2000/C2000Ware_6_00_00_00/driverlib/f2837xd/driverlib/inc" --include_path="C:/ti/c2000/C2000Ware_6_00_00_00/device_support/f2837xd/common/include" --include_path="C:/ti/c2000/C2000Ware_6_00_00_00/device_support/f2837xd/headers/include" --include_path="C:/ti/ccs1281/ccs/tools/compiler/ti-cgt-c2000_22.6.1.LTS/include" --advice:performance=all --define=CPU1 -g --diag_warning=225 --diag_wrap=off --display_error_number --abi=coffabi --preproc_with_compile --preproc_dependency="F2837xD_SysCtrl.d_raw"  "C:/ti/c2000/C2000Ware_6_00_00_00/device_support/f2837xd/common/source/F2837xD_SysCtrl.c"
"C:/ti/c2000/C2000Ware_6_00_00_00/device_support/f2837xd/common/source/F2837xD_SysCtrl.c", line 837 (col. 47): advice #2614-D: (Performance) Use --fp_mode=relaxed to enable TMU hardware support for FP division.
Finished building: "C:/ti/c2000/C2000Ware_6_00_00_00/device_support/f2837xd/common/source/F2837xD_SysCtrl.c"
 
Building file: "C:/ti/c2000/C2000Ware_6_00_00_00/device_support/f2837xd/headers/source/F2837xD_GlobalVariableDefs.c"
Invoking: C2000 Compiler
"C:/ti/ccs1281/ccs/tools/compiler/ti-cgt-c2000_22.6.1.LTS/bin/cl2000" -v28 -ml -mt --cla_support=cla1 --float_support=fpu32 --tmu_support=tmu0 --vcu_support=vcu2 --include_path="D:/SEM-5/Open_Laboratory_1/CCS_Codes/Open_lab" --include_path="C:/ti/c2000/C2000Ware_6_00_00_00/driverlib/f2837xd/driverlib" --include_path="C:/ti/c2000/C2000Ware_6_00_00_00/driverlib/f2837xd/driverlib/inc" --include_path="C:/ti/c2000/C2000Ware_6_00_00_00/device_support/f2837xd/common/include" --include_path="C:/ti/c2000/C2000Ware_6_00_00_00/device_support/f2837xd/headers/include" --include_path="C:/ti/ccs1281/ccs/tools/compiler/ti-cgt-c2000_22.6.1.LTS/include" --advice:performance=all --define=CPU1 -g --diag_warning=225 --diag_wrap=off --display_error_number --abi=coffabi --preproc_with_compile --preproc_dependency="F2837xD_GlobalVariableDefs.d_raw"  "C:/ti/c2000/C2000Ware_6_00_00_00/device_support/f2837xd/headers/source/F2837xD_GlobalVariableDefs.c"
Finished building: "C:/ti/c2000/C2000Ware_6_00_00_00/device_support/f2837xd/headers/source/F2837xD_GlobalVariableDefs.c"
 
Building target: "Open_lab.out"
Invoking: C2000 Linker
"C:/ti/ccs1281/ccs/tools/compiler/ti-cgt-c2000_22.6.1.LTS/bin/cl2000" -v28 -ml -mt --cla_support=cla1 --float_support=fpu32 --tmu_support=tmu0 --vcu_support=vcu2 --advice:performance=all --define=CPU1 -g --diag_warning=225 --diag_wrap=off --display_error_number --abi=coffabi -z -m"Open_lab.map" --stack_size=0x200 --warn_sections -i"C:/ti/ccs1281/ccs/tools/compiler/ti-cgt-c2000_22.6.1.LTS/lib" -i"C:/ti/c2000/C2000Ware_6_00_00_00/device_support/f2837xd/common/cmd" -i"C:/ti/c2000/C2000Ware_6_00_00_00/device_support/f2837xd/headers/cmd" -i"C:/ti/ccs1281/ccs/tools/compiler/ti-cgt-c2000_22.6.1.LTS/include" --reread_libs --diag_wrap=off --display_error_number --xml_link_info="Open_lab_linkInfo.xml" --rom_model -o "Open_lab.out" "./F2837xD_CodeStartBranch.obj" "./F2837xD_GlobalVariableDefs.obj" "./F2837xD_Gpio.obj" "./F2837xD_Ipc.obj" "./F2837xD_SysCtrl.obj" "./F2837xD_usDelay.obj" "./main.obj" "../2837x_FLASH_lnk_cpu1.cmd"  -llibc.a -l"C:/ti/c2000/C2000Ware_6_00_00_00/device_support/f2837xd/headers/cmd/F2837xD_Headers_nonBIOS_cpu1.cmd" 
<Linking>
 
 undefined              first referenced
  symbol                    in file     
 ---------              ----------------
 _Device_init           ./main.obj      
 _Device_initGPIO       ./main.obj      
 _GPIO_setDirectionMode ./main.obj      
 _GPIO_setPadConfig     ./main.obj      
 _SysCtl_delay          ./main.obj      
 
error #10234-D: unresolved symbols remain
error #10010: errors encountered during linking; "Open_lab.out" not built
 
>> Compilation failure
makefile:142: recipe for target 'Open_lab.out' failed
gmake[1]: *** [Open_lab.out] Error 1
makefile:138: recipe for target 'all' failed
gmake: *** [all] Error 2

**** Build Finished ****

**** Build of configuration Debug for project Open_lab ****

"C:\\ti\\ccs1281\\ccs\\utils\\bin\\gmake" -k -j 16 all -O 
 
Building file: "C:/ti/c2000/C2000Ware_6_00_00_00/device_support/f2837xd/common/source/F2837xD_CodeStartBranch.asm"
Invoking: C2000 Compiler
"C:/ti/ccs1281/ccs/tools/compiler/ti-cgt-c2000_22.6.1.LTS/bin/cl2000" -v28 -ml -mt --cla_support=cla1 --float_support=fpu32 --tmu_support=tmu0 --vcu_support=vcu2 --include_path="D:/SEM-5/Open_Laboratory_1/CCS_Codes/Open_lab" --include_path="C:/ti/c2000/C2000Ware_6_00_00_00/device_support/f2837xd/common/include" --include_path="C:/ti/c2000/C2000Ware_6_00_00_00/device_support/f2837xd/headers/include" --include_path="C:/ti/c2000/C2000Ware_6_00_00_00/driverlib/f2837xd/driverlib" --include_path="C:/ti/c2000/C2000Ware_6_00_00_00/driverlib/f2837xd/driverlib/inc" --include_path="C:/ti/ccs1281/ccs/tools/compiler/ti-cgt-c2000_22.6.1.LTS/include" --advice:performance=all --define=CPU1 -g --diag_warning=225 --diag_wrap=off --display_error_number --abi=coffabi --preproc_with_compile --preproc_dependency="F2837xD_CodeStartBranch.d_raw"  "C:/ti/c2000/C2000Ware_6_00_00_00/device_support/f2837xd/common/source/F2837xD_CodeStartBranch.asm"
Finished building: "C:/ti/c2000/C2000Ware_6_00_00_00/device_support/f2837xd/common/source/F2837xD_CodeStartBranch.asm"
 
Building file: "C:/ti/c2000/C2000Ware_6_00_00_00/device_support/f2837xd/common/source/F2837xD_usDelay.asm"
Invoking: C2000 Compiler
"C:/ti/ccs1281/ccs/tools/compiler/ti-cgt-c2000_22.6.1.LTS/bin/cl2000" -v28 -ml -mt --cla_support=cla1 --float_support=fpu32 --tmu_support=tmu0 --vcu_support=vcu2 --include_path="D:/SEM-5/Open_Laboratory_1/CCS_Codes/Open_lab" --include_path="C:/ti/c2000/C2000Ware_6_00_00_00/device_support/f2837xd/common/include" --include_path="C:/ti/c2000/C2000Ware_6_00_00_00/device_support/f2837xd/headers/include" --include_path="C:/ti/c2000/C2000Ware_6_00_00_00/driverlib/f2837xd/driverlib" --include_path="C:/ti/c2000/C2000Ware_6_00_00_00/driverlib/f2837xd/driverlib/inc" --include_path="C:/ti/ccs1281/ccs/tools/compiler/ti-cgt-c2000_22.6.1.LTS/include" --advice:performance=all --define=CPU1 -g --diag_warning=225 --diag_wrap=off --display_error_number --abi=coffabi --preproc_with_compile --preproc_dependency="F2837xD_usDelay.d_raw"  "C:/ti/c2000/C2000Ware_6_00_00_00/device_support/f2837xd/common/source/F2837xD_usDelay.asm"
Finished building: "C:/ti/c2000/C2000Ware_6_00_00_00/device_support/f2837xd/common/source/F2837xD_usDelay.asm"
 
Building file: "C:/ti/c2000/C2000Ware_6_00_00_00/device_support/f2837xd/common/source/F2837xD_Ipc.c"
Invoking: C2000 Compiler
"C:/ti/ccs1281/ccs/tools/compiler/ti-cgt-c2000_22.6.1.LTS/bin/cl2000" -v28 -ml -mt --cla_support=cla1 --float_support=fpu32 --tmu_support=tmu0 --vcu_support=vcu2 --include_path="D:/SEM-5/Open_Laboratory_1/CCS_Codes/Open_lab" --include_path="C:/ti/c2000/C2000Ware_6_00_00_00/device_support/f2837xd/common/include" --include_path="C:/ti/c2000/C2000Ware_6_00_00_00/device_support/f2837xd/headers/include" --include_path="C:/ti/c2000/C2000Ware_6_00_00_00/driverlib/f2837xd/driverlib" --include_path="C:/ti/c2000/C2000Ware_6_00_00_00/driverlib/f2837xd/driverlib/inc" --include_path="C:/ti/ccs1281/ccs/tools/compiler/ti-cgt-c2000_22.6.1.LTS/include" --advice:performance=all --define=CPU1 -g --diag_warning=225 --diag_wrap=off --display_error_number --abi=coffabi --preproc_with_compile --preproc_dependency="F2837xD_Ipc.d_raw"  "C:/ti/c2000/C2000Ware_6_00_00_00/device_support/f2837xd/common/source/F2837xD_Ipc.c"
Finished building: "C:/ti/c2000/C2000Ware_6_00_00_00/device_support/f2837xd/common/source/F2837xD_Ipc.c"
 
Building file: "../main.c"
Invoking: C2000 Compiler
"C:/ti/ccs1281/ccs/tools/compiler/ti-cgt-c2000_22.6.1.LTS/bin/cl2000" -v28 -ml -mt --cla_support=cla1 --float_support=fpu32 --tmu_support=tmu0 --vcu_support=vcu2 --include_path="D:/SEM-5/Open_Laboratory_1/CCS_Codes/Open_lab" --include_path="C:/ti/c2000/C2000Ware_6_00_00_00/device_support/f2837xd/common/include" --include_path="C:/ti/c2000/C2000Ware_6_00_00_00/device_support/f2837xd/headers/include" --include_path="C:/ti/c2000/C2000Ware_6_00_00_00/driverlib/f2837xd/driverlib" --include_path="C:/ti/c2000/C2000Ware_6_00_00_00/driverlib/f2837xd/driverlib/inc" --include_path="C:/ti/ccs1281/ccs/tools/compiler/ti-cgt-c2000_22.6.1.LTS/include" --advice:performance=all --define=CPU1 -g --diag_warning=225 --diag_wrap=off --display_error_number --abi=coffabi --preproc_with_compile --preproc_dependency="main.d_raw"  "../main.c"
Finished building: "../main.c"
 
Building file: "C:/ti/c2000/C2000Ware_6_00_00_00/device_support/f2837xd/common/source/F2837xD_Gpio.c"
Invoking: C2000 Compiler
"C:/ti/ccs1281/ccs/tools/compiler/ti-cgt-c2000_22.6.1.LTS/bin/cl2000" -v28 -ml -mt --cla_support=cla1 --float_support=fpu32 --tmu_support=tmu0 --vcu_support=vcu2 --include_path="D:/SEM-5/Open_Laboratory_1/CCS_Codes/Open_lab" --include_path="C:/ti/c2000/C2000Ware_6_00_00_00/device_support/f2837xd/common/include" --include_path="C:/ti/c2000/C2000Ware_6_00_00_00/device_support/f2837xd/headers/include" --include_path="C:/ti/c2000/C2000Ware_6_00_00_00/driverlib/f2837xd/driverlib" --include_path="C:/ti/c2000/C2000Ware_6_00_00_00/driverlib/f2837xd/driverlib/inc" --include_path="C:/ti/ccs1281/ccs/tools/compiler/ti-cgt-c2000_22.6.1.LTS/include" --advice:performance=all --define=CPU1 -g --diag_warning=225 --diag_wrap=off --display_error_number --abi=coffabi --preproc_with_compile --preproc_dependency="F2837xD_Gpio.d_raw"  "C:/ti/c2000/C2000Ware_6_00_00_00/device_support/f2837xd/common/source/F2837xD_Gpio.c"
Finished building: "C:/ti/c2000/C2000Ware_6_00_00_00/device_support/f2837xd/common/source/F2837xD_Gpio.c"
 
Building file: "C:/ti/c2000/C2000Ware_6_00_00_00/device_support/f2837xd/common/source/F2837xD_SysCtrl.c"
Invoking: C2000 Compiler
"C:/ti/ccs1281/ccs/tools/compiler/ti-cgt-c2000_22.6.1.LTS/bin/cl2000" -v28 -ml -mt --cla_support=cla1 --float_support=fpu32 --tmu_support=tmu0 --vcu_support=vcu2 --include_path="D:/SEM-5/Open_Laboratory_1/CCS_Codes/Open_lab" --include_path="C:/ti/c2000/C2000Ware_6_00_00_00/device_support/f2837xd/common/include" --include_path="C:/ti/c2000/C2000Ware_6_00_00_00/device_support/f2837xd/headers/include" --include_path="C:/ti/c2000/C2000Ware_6_00_00_00/driverlib/f2837xd/driverlib" --include_path="C:/ti/c2000/C2000Ware_6_00_00_00/driverlib/f2837xd/driverlib/inc" --include_path="C:/ti/ccs1281/ccs/tools/compiler/ti-cgt-c2000_22.6.1.LTS/include" --advice:performance=all --define=CPU1 -g --diag_warning=225 --diag_wrap=off --display_error_number --abi=coffabi --preproc_with_compile --preproc_dependency="F2837xD_SysCtrl.d_raw"  "C:/ti/c2000/C2000Ware_6_00_00_00/device_support/f2837xd/common/source/F2837xD_SysCtrl.c"
"C:/ti/c2000/C2000Ware_6_00_00_00/device_support/f2837xd/common/source/F2837xD_SysCtrl.c", line 837 (col. 47): advice #2614-D: (Performance) Use --fp_mode=relaxed to enable TMU hardware support for FP division.
Finished building: "C:/ti/c2000/C2000Ware_6_00_00_00/device_support/f2837xd/common/source/F2837xD_SysCtrl.c"
 
Building file: "C:/ti/c2000/C2000Ware_6_00_00_00/device_support/f2837xd/headers/source/F2837xD_GlobalVariableDefs.c"
Invoking: C2000 Compiler
"C:/ti/ccs1281/ccs/tools/compiler/ti-cgt-c2000_22.6.1.LTS/bin/cl2000" -v28 -ml -mt --cla_support=cla1 --float_support=fpu32 --tmu_support=tmu0 --vcu_support=vcu2 --include_path="D:/SEM-5/Open_Laboratory_1/CCS_Codes/Open_lab" --include_path="C:/ti/c2000/C2000Ware_6_00_00_00/device_support/f2837xd/common/include" --include_path="C:/ti/c2000/C2000Ware_6_00_00_00/device_support/f2837xd/headers/include" --include_path="C:/ti/c2000/C2000Ware_6_00_00_00/driverlib/f2837xd/driverlib" --include_path="C:/ti/c2000/C2000Ware_6_00_00_00/driverlib/f2837xd/driverlib/inc" --include_path="C:/ti/ccs1281/ccs/tools/compiler/ti-cgt-c2000_22.6.1.LTS/include" --advice:performance=all --define=CPU1 -g --diag_warning=225 --diag_wrap=off --display_error_number --abi=coffabi --preproc_with_compile --preproc_dependency="F2837xD_GlobalVariableDefs.d_raw"  "C:/ti/c2000/C2000Ware_6_00_00_00/device_support/f2837xd/headers/source/F2837xD_GlobalVariableDefs.c"
Finished building: "C:/ti/c2000/C2000Ware_6_00_00_00/device_support/f2837xd/headers/source/F2837xD_GlobalVariableDefs.c"
 
Building target: "Open_lab.out"
Invoking: C2000 Linker
"C:/ti/ccs1281/ccs/tools/compiler/ti-cgt-c2000_22.6.1.LTS/bin/cl2000" -v28 -ml -mt --cla_support=cla1 --float_support=fpu32 --tmu_support=tmu0 --vcu_support=vcu2 --advice:performance=all --define=CPU1 -g --diag_warning=225 --diag_wrap=off --display_error_number --abi=coffabi -z -m"Open_lab.map" --stack_size=0x200 --warn_sections -i"C:/ti/ccs1281/ccs/tools/compiler/ti-cgt-c2000_22.6.1.LTS/lib" -i"C:/ti/c2000/C2000Ware_6_00_00_00/device_support/f2837xd/common/cmd" -i"C:/ti/c2000/C2000Ware_6_00_00_00/device_support/f2837xd/headers/cmd" -i"C:/ti/ccs1281/ccs/tools/compiler/ti-cgt-c2000_22.6.1.LTS/include" --reread_libs --diag_wrap=off --display_error_number --xml_link_info="Open_lab_linkInfo.xml" --rom_model -o "Open_lab.out" "./F2837xD_CodeStartBranch.obj" "./F2837xD_GlobalVariableDefs.obj" "./F2837xD_Gpio.obj" "./F2837xD_Ipc.obj" "./F2837xD_SysCtrl.obj" "./F2837xD_usDelay.obj" "./main.obj" "../2837x_FLASH_lnk_cpu1.cmd"  -llibc.a -l"C:/ti/c2000/C2000Ware_6_00_00_00/device_support/f2837xd/headers/cmd/F2837xD_Headers_nonBIOS_cpu1.cmd" 
<Linking>
 
 undefined              first referenced
  symbol                    in file     
 ---------              ----------------
 _Device_init           ./main.obj      
 _Device_initGPIO       ./main.obj      
 _GPIO_setDirectionMode ./main.obj      
 _GPIO_setPadConfig     ./main.obj      
 _SysCtl_delay          ./main.obj      
 
error #10234-D: unresolved symbols remain
error #10010: errors encountered during linking; "Open_lab.out" not built
 
>> Compilation failure
makefile:142: recipe for target 'Open_lab.out' failed
gmake[1]: *** [Open_lab.out] Error 1
makefile:138: recipe for target 'all' failed
gmake: *** [all] Error 2

**** Build Finished ****

**** Build of configuration Debug for project Open_lab ****

"C:\\ti\\ccs1281\\ccs\\utils\\bin\\gmake" -k -j 16 all -O 
 
Building target: "Open_lab.out"
Invoking: C2000 Linker
"C:/ti/ccs1281/ccs/tools/compiler/ti-cgt-c2000_22.6.1.LTS/bin/cl2000" -v28 -ml -mt --cla_support=cla1 --float_support=fpu32 --tmu_support=tmu0 --vcu_support=vcu2 --advice:performance=all --define=CPU1 -g --diag_warning=225 --diag_wrap=off --display_error_number --abi=coffabi -z -m"Open_lab.map" --stack_size=0x200 --warn_sections -i"C:/ti/ccs1281/ccs/tools/compiler/ti-cgt-c2000_22.6.1.LTS/lib" -i"C:/ti/c2000/C2000Ware_6_00_00_00/device_support/f2837xd/common/cmd" -i"C:/ti/c2000/C2000Ware_6_00_00_00/device_support/f2837xd/headers/cmd" -i"C:/ti/ccs1281/ccs/tools/compiler/ti-cgt-c2000_22.6.1.LTS/include" --reread_libs --diag_wrap=off --display_error_number --xml_link_info="Open_lab_linkInfo.xml" --rom_model -o "Open_lab.out" "./F2837xD_CodeStartBranch.obj" "./F2837xD_GlobalVariableDefs.obj" "./F2837xD_Gpio.obj" "./F2837xD_Ipc.obj" "./F2837xD_SysCtrl.obj" "./F2837xD_usDelay.obj" "./main.obj" "../2837x_FLASH_lnk_cpu1.cmd"  -llibc.a -l"C:/ti/c2000/C2000Ware_6_00_00_00/device_support/f2837xd/headers/cmd/F2837xD_Headers_nonBIOS_cpu1.cmd" -l"C:/ti/c2000/C2000Ware_6_00_00_00/driverlib/f2837xd/driverlib/ccs/Debug/driverlib.lib" 
<Linking>
 
 undefined        first referenced                                                                                   
  symbol              in file                                                                                        
 ---------        ----------------                                                                                   
 _Device_init     ./main.obj                                                                                         
 _Device_initGPIO ./main.obj                                                                                         
 ___error__       C:\ti\c2000\C2000Ware_6_00_00_00\driverlib\f2837xd\driverlib\ccs\Debug\driverlib_coff.lib<gpio.obj>
 
error #10234-D: unresolved symbols remain
error #10010: errors encountered during linking; "Open_lab.out" not built
 
>> Compilation failure
makefile:143: recipe for target 'Open_lab.out' failed
gmake[1]: *** [Open_lab.out] Error 1
makefile:139: recipe for target 'all' failed
gmake: *** [all] Error 2

**** Build Finished ****

**** Build of configuration Debug for project Open_lab ****

"C:\\ti\\ccs1281\\ccs\\utils\\bin\\gmake" -k -j 16 all -O 
 
Building target: "Open_lab.out"
Invoking: C2000 Linker
"C:/ti/ccs1281/ccs/tools/compiler/ti-cgt-c2000_22.6.1.LTS/bin/cl2000" -v28 -ml -mt --cla_support=cla1 --float_support=fpu32 --tmu_support=tmu0 --vcu_support=vcu2 --advice:performance=all --define=CPU1 -g --diag_warning=225 --diag_wrap=off --display_error_number --abi=coffabi -z -m"Open_lab.map" --stack_size=0x200 --warn_sections -i"C:/ti/ccs1281/ccs/tools/compiler/ti-cgt-c2000_22.6.1.LTS/lib" -i"C:/ti/c2000/C2000Ware_6_00_00_00/device_support/f2837xd/common/cmd" -i"C:/ti/c2000/C2000Ware_6_00_00_00/device_support/f2837xd/headers/cmd" -i"C:/ti/ccs1281/ccs/tools/compiler/ti-cgt-c2000_22.6.1.LTS/include" --reread_libs --diag_wrap=off --display_error_number --xml_link_info="Open_lab_linkInfo.xml" --rom_model -o "Open_lab.out" "./F2837xD_CodeStartBranch.obj" "./F2837xD_GlobalVariableDefs.obj" "./F2837xD_Gpio.obj" "./F2837xD_Ipc.obj" "./F2837xD_SysCtrl.obj" "./F2837xD_usDelay.obj" "./main.obj" "../2837x_FLASH_lnk_cpu1.cmd"  -l"C:/ti/c2000/C2000Ware_6_00_00_00/driverlib/f2837xd/driverlib/ccs/Debug/driverlib_coff.lib" -llibc.a -l"C:/ti/c2000/C2000Ware_6_00_00_00/device_support/f2837xd/headers/cmd/F2837xD_Headers_nonBIOS_cpu1.cmd" 
<Linking>
 
 undefined        first referenced                                                                                   
  symbol              in file                                                                                        
 ---------        ----------------                                                                                   
 _Device_init     ./main.obj                                                                                         
 _Device_initGPIO ./main.obj                                                                                         
 ___error__       C:/ti/c2000/C2000Ware_6_00_00_00/driverlib/f2837xd/driverlib/ccs/Debug/driverlib_coff.lib<gpio.obj>
 
error #10234-D: unresolved symbols remain
error #10010: errors encountered during linking; "Open_lab.out" not built
 
>> Compilation failure
makefile:143: recipe for target 'Open_lab.out' failed
gmake[1]: *** [Open_lab.out] Error 1
makefile:139: recipe for target 'all' failed
gmake: *** [all] Error 2

**** Build Finished ****

**** Build of configuration Debug for project Open_lab ****

"C:\\ti\\ccs1281\\ccs\\utils\\bin\\gmake" -k -j 16 all -O 
 
Building target: "Open_lab.out"
Invoking: C2000 Linker
"C:/ti/ccs1281/ccs/tools/compiler/ti-cgt-c2000_22.6.1.LTS/bin/cl2000" -v28 -ml -mt --cla_support=cla1 --float_support=fpu32 --tmu_support=tmu0 --vcu_support=vcu2 --advice:performance=all --define=CPU1 -g --diag_warning=225 --diag_wrap=off --display_error_number --abi=coffabi -z -m"Open_lab.map" --stack_size=0x200 --warn_sections -i"C:/ti/ccs1281/ccs/tools/compiler/ti-cgt-c2000_22.6.1.LTS/lib" -i"C:/ti/c2000/C2000Ware_6_00_00_00/device_support/f2837xd/common/cmd" -i"C:/ti/c2000/C2000Ware_6_00_00_00/device_support/f2837xd/headers/cmd" -i"C:/ti/ccs1281/ccs/tools/compiler/ti-cgt-c2000_22.6.1.LTS/include" --reread_libs --diag_wrap=off --display_error_number --xml_link_info="Open_lab_linkInfo.xml" --rom_model -o "Open_lab.out" "./F2837xD_CodeStartBranch.obj" "./F2837xD_GlobalVariableDefs.obj" "./F2837xD_Gpio.obj" "./F2837xD_Ipc.obj" "./F2837xD_SysCtrl.obj" "./F2837xD_usDelay.obj" "./main.obj" "../2837x_FLASH_lnk_cpu1.cmd"  -l"C:/ti/c2000/C2000Ware_6_00_00_00/driverlib/f2837xd/driverlib/ccs/Debug/driverlib_coff.lib" -llibc.a -l"C:/ti/c2000/C2000Ware_6_00_00_00/device_support/f2837xd/headers/cmd/F2837xD_Headers_nonBIOS_cpu1.cmd" 
<Linking>
 
 undefined        first referenced                                                                                   
  symbol              in file                                                                                        
 ---------        ----------------                                                                                   
 _Device_init     ./main.obj                                                                                         
 _Device_initGPIO ./main.obj                                                                                         
 ___error__       C:/ti/c2000/C2000Ware_6_00_00_00/driverlib/f2837xd/driverlib/ccs/Debug/driverlib_coff.lib<gpio.obj>
 
error #10234-D: unresolved symbols remain
error #10010: errors encountered during linking; "Open_lab.out" not built
 
>> Compilation failure
makefile:143: recipe for target 'Open_lab.out' failed
gmake[1]: *** [Open_lab.out] Error 1
makefile:139: recipe for target 'all' failed
gmake: *** [all] Error 2

**** Build Finished ****

**** Build of configuration Debug for project Open_lab ****

"C:\\ti\\ccs1281\\ccs\\utils\\bin\\gmake" -k -j 16 all -O 
 
Building file: "../main.c"
Invoking: C2000 Compiler
"C:/ti/ccs1281/ccs/tools/compiler/ti-cgt-c2000_22.6.1.LTS/bin/cl2000" -v28 -ml -mt --cla_support=cla1 --float_support=fpu32 --tmu_support=tmu0 --vcu_support=vcu2 --include_path="D:/SEM-5/Open_Laboratory_1/CCS_Codes/Open_lab" --include_path="C:/ti/c2000/C2000Ware_6_00_00_00/device_support/f2837xd/common/include" --include_path="C:/ti/c2000/C2000Ware_6_00_00_00/device_support/f2837xd/headers/include" --include_path="C:/ti/c2000/C2000Ware_6_00_00_00/driverlib/f2837xd/driverlib" --include_path="C:/ti/c2000/C2000Ware_6_00_00_00/driverlib/f2837xd/driverlib/inc" --include_path="C:/ti/ccs1281/ccs/tools/compiler/ti-cgt-c2000_22.6.1.LTS/include" --advice:performance=all --define=CPU1 -g --diag_warning=225 --diag_wrap=off --display_error_number --abi=coffabi --preproc_with_compile --preproc_dependency="main.d_raw"  "../main.c"
Finished building: "../main.c"
 
Building target: "Open_lab.out"
Invoking: C2000 Linker
"C:/ti/ccs1281/ccs/tools/compiler/ti-cgt-c2000_22.6.1.LTS/bin/cl2000" -v28 -ml -mt --cla_support=cla1 --float_support=fpu32 --tmu_support=tmu0 --vcu_support=vcu2 --advice:performance=all --define=CPU1 -g --diag_warning=225 --diag_wrap=off --display_error_number --abi=coffabi -z -m"Open_lab.map" --stack_size=0x200 --warn_sections -i"C:/ti/ccs1281/ccs/tools/compiler/ti-cgt-c2000_22.6.1.LTS/lib" -i"C:/ti/c2000/C2000Ware_6_00_00_00/device_support/f2837xd/common/cmd" -i"C:/ti/c2000/C2000Ware_6_00_00_00/device_support/f2837xd/headers/cmd" -i"C:/ti/ccs1281/ccs/tools/compiler/ti-cgt-c2000_22.6.1.LTS/include" --reread_libs --diag_wrap=off --display_error_number --xml_link_info="Open_lab_linkInfo.xml" --rom_model -o "Open_lab.out" "./F2837xD_CodeStartBranch.obj" "./F2837xD_GlobalVariableDefs.obj" "./F2837xD_Gpio.obj" "./F2837xD_Ipc.obj" "./F2837xD_SysCtrl.obj" "./F2837xD_usDelay.obj" "./main.obj" "../2837x_FLASH_lnk_cpu1.cmd"  -l"C:/ti/c2000/C2000Ware_6_00_00_00/driverlib/f2837xd/driverlib/ccs/Debug/driverlib_coff.lib" -llibc.a -l"C:/ti/c2000/C2000Ware_6_00_00_00/device_support/f2837xd/headers/cmd/F2837xD_Headers_nonBIOS_cpu1.cmd" 
<Linking>
 
 undefined        first referenced                                                                                   
  symbol              in file                                                                                        
 ---------        ----------------                                                                                   
 _Device_init     ./main.obj                                                                                         
 _Device_initGPIO ./main.obj                                                                                         
 ___error__       C:/ti/c2000/C2000Ware_6_00_00_00/driverlib/f2837xd/driverlib/ccs/Debug/driverlib_coff.lib<gpio.obj>
 
error #10234-D: unresolved symbols remain
error #10010: errors encountered during linking; "Open_lab.out" not built
 
>> Compilation failure
makefile:143: recipe for target 'Open_lab.out' failed
gmake[1]: *** [Open_lab.out] Error 1
makefile:139: recipe for target 'all' failed
gmake: *** [all] Error 2

**** Build Finished ****

**** Build of configuration Debug for project Open_lab ****

"C:\\ti\\ccs1281\\ccs\\utils\\bin\\gmake" -k -j 16 all -O 
 
Building file: "../main.c"
Invoking: C2000 Compiler
"C:/ti/ccs1281/ccs/tools/compiler/ti-cgt-c2000_22.6.1.LTS/bin/cl2000" -v28 -ml -mt --cla_support=cla1 --float_support=fpu32 --tmu_support=tmu0 --vcu_support=vcu2 --include_path="D:/SEM-5/Open_Laboratory_1/CCS_Codes/Open_lab" --include_path="C:/ti/c2000/C2000Ware_6_00_00_00/device_support/f2837xd/common/include" --include_path="C:/ti/c2000/C2000Ware_6_00_00_00/device_support/f2837xd/headers/include" --include_path="C:/ti/c2000/C2000Ware_6_00_00_00/driverlib/f2837xd/driverlib" --include_path="C:/ti/c2000/C2000Ware_6_00_00_00/driverlib/f2837xd/driverlib/inc" --include_path="C:/ti/ccs1281/ccs/tools/compiler/ti-cgt-c2000_22.6.1.LTS/include" --advice:performance=all --define=CPU1 -g --diag_warning=225 --diag_wrap=off --display_error_number --abi=coffabi --preproc_with_compile --preproc_dependency="main.d_raw"  "../main.c"
Finished building: "../main.c"
 
Building target: "Open_lab.out"
Invoking: C2000 Linker
"C:/ti/ccs1281/ccs/tools/compiler/ti-cgt-c2000_22.6.1.LTS/bin/cl2000" -v28 -ml -mt --cla_support=cla1 --float_support=fpu32 --tmu_support=tmu0 --vcu_support=vcu2 --advice:performance=all --define=CPU1 -g --diag_warning=225 --diag_wrap=off --display_error_number --abi=coffabi -z -m"Open_lab.map" --stack_size=0x200 --warn_sections -i"C:/ti/ccs1281/ccs/tools/compiler/ti-cgt-c2000_22.6.1.LTS/lib" -i"C:/ti/c2000/C2000Ware_6_00_00_00/device_support/f2837xd/common/cmd" -i"C:/ti/c2000/C2000Ware_6_00_00_00/device_support/f2837xd/headers/cmd" -i"C:/ti/ccs1281/ccs/tools/compiler/ti-cgt-c2000_22.6.1.LTS/include" --reread_libs --diag_wrap=off --display_error_number --xml_link_info="Open_lab_linkInfo.xml" --rom_model -o "Open_lab.out" "./F2837xD_CodeStartBranch.obj" "./F2837xD_GlobalVariableDefs.obj" "./F2837xD_Gpio.obj" "./F2837xD_Ipc.obj" "./F2837xD_SysCtrl.obj" "./F2837xD_usDelay.obj" "./main.obj" "../2837x_FLASH_lnk_cpu1.cmd"  -l"C:/ti/c2000/C2000Ware_6_00_00_00/driverlib/f2837xd/driverlib/ccs/Debug/driverlib_coff.lib" -llibc.a -l"C:/ti/c2000/C2000Ware_6_00_00_00/device_support/f2837xd/headers/cmd/F2837xD_Headers_nonBIOS_cpu1.cmd" 
<Linking>
 
 undefined        first referenced                                                                                   
  symbol              in file                                                                                        
 ---------        ----------------                                                                                   
 _Device_init     ./main.obj                                                                                         
 _Device_initGPIO ./main.obj                                                                                         
 ___error__       C:/ti/c2000/C2000Ware_6_00_00_00/driverlib/f2837xd/driverlib/ccs/Debug/driverlib_coff.lib<gpio.obj>
 
error #10234-D: unresolved symbols remain
error #10010: errors encountered during linking; "Open_lab.out" not built
 
>> Compilation failure
makefile:143: recipe for target 'Open_lab.out' failed
gmake[1]: *** [Open_lab.out] Error 1
makefile:139: recipe for target 'all' failed
gmake: *** [all] Error 2

**** Build Finished ****

**** Build of configuration Debug for project Open_lab ****

"C:\\ti\\ccs1281\\ccs\\utils\\bin\\gmake" -k -j 16 all -O 
 
Building target: "Open_lab.out"
Invoking: C2000 Linker
"C:/ti/ccs1281/ccs/tools/compiler/ti-cgt-c2000_22.6.1.LTS/bin/cl2000" -v28 -ml -mt --cla_support=cla1 --float_support=fpu32 --tmu_support=tmu0 --vcu_support=vcu2 --advice:performance=all --define=CPU1 -g --diag_warning=225 --diag_wrap=off --display_error_number --abi=coffabi -z -m"Open_lab.map" --stack_size=0x200 --warn_sections -i"C:/ti/ccs1281/ccs/tools/compiler/ti-cgt-c2000_22.6.1.LTS/lib" -i"C:/ti/c2000/C2000Ware_6_00_00_00/device_support/f2837xd/common/cmd" -i"C:/ti/c2000/C2000Ware_6_00_00_00/device_support/f2837xd/headers/cmd" -i"C:/ti/ccs1281/ccs/tools/compiler/ti-cgt-c2000_22.6.1.LTS/include" --reread_libs --diag_wrap=off --display_error_number --xml_link_info="Open_lab_linkInfo.xml" --rom_model -o "Open_lab.out" "./F2837xD_CodeStartBranch.obj" "./F2837xD_GlobalVariableDefs.obj" "./F2837xD_Gpio.obj" "./F2837xD_Ipc.obj" "./F2837xD_SysCtrl.obj" "./F2837xD_usDelay.obj" "./main.obj" "../2837x_FLASH_lnk_cpu1.cmd"  -l"C:/ti/c2000/C2000Ware_6_00_00_00/driverlib/f2837xd/driverlib/ccs/Debug/driverlib_coff.lib" -llibc.a -l"C:/ti/c2000/C2000Ware_6_00_00_00/device_support/f2837xd/headers/cmd/F2837xD_Headers_nonBIOS_cpu1.cmd" 
<Linking>
 
 undefined        first referenced                                                                                   
  symbol              in file                                                                                        
 ---------        ----------------                                                                                   
 _Device_init     ./main.obj                                                                                         
 _Device_initGPIO ./main.obj                                                                                         
 ___error__       C:/ti/c2000/C2000Ware_6_00_00_00/driverlib/f2837xd/driverlib/ccs/Debug/driverlib_coff.lib<gpio.obj>
 
error #10234-D: unresolved symbols remain
error #10010: errors encountered during linking; "Open_lab.out" not built
 
>> Compilation failure
makefile:143: recipe for target 'Open_lab.out' failed
gmake[1]: *** [Open_lab.out] Error 1
makefile:139: recipe for target 'all' failed
gmake: *** [all] Error 2

**** Build Finished ****

**** Build of configuration Debug for project Open_lab ****

"C:\\ti\\ccs1281\\ccs\\utils\\bin\\gmake" -k -j 16 all -O 
 
Building file: "../main.c"
Invoking: C2000 Compiler
"C:/ti/ccs1281/ccs/tools/compiler/ti-cgt-c2000_22.6.1.LTS/bin/cl2000" -v28 -ml -mt --cla_support=cla1 --float_support=fpu32 --tmu_support=tmu0 --vcu_support=vcu2 --include_path="D:/SEM-5/Open_Laboratory_1/CCS_Codes/Open_lab" --include_path="C:/ti/c2000/C2000Ware_6_00_00_00/device_support/f2837xd/common/include" --include_path="C:/ti/c2000/C2000Ware_6_00_00_00/device_support/f2837xd/headers/include" --include_path="C:/ti/c2000/C2000Ware_6_00_00_00/driverlib/f2837xd/driverlib" --include_path="C:/ti/c2000/C2000Ware_6_00_00_00/driverlib/f2837xd/driverlib/inc" --include_path="C:/ti/ccs1281/ccs/tools/compiler/ti-cgt-c2000_22.6.1.LTS/include" --advice:performance=all --define=CPU1 -g --diag_warning=225 --diag_wrap=off --display_error_number --abi=coffabi --preproc_with_compile --preproc_dependency="main.d_raw"  "../main.c"
 
>> Compilation failure
subdir_rules.mk:51: recipe for target 'main.obj' failed
"../main.c", line 26: error #20: identifier "SYSCTL_PERIPH_CLK_GPIOA" is undefined
"../main.c", line 27: error #20: identifier "SYSCTL_PERIPH_CLK_GPIOB" is undefined
2 errors detected in the compilation of "../main.c".
gmake: *** [main.obj] Error 1
gmake: Target 'all' not remade because of errors.

**** Build Finished ****

**** Build of configuration Debug for project Open_lab ****

"C:\\ti\\ccs1281\\ccs\\utils\\bin\\gmake" -k -j 16 all -O 
 
Building file: "../main.c"
Invoking: C2000 Compiler
"C:/ti/ccs1281/ccs/tools/compiler/ti-cgt-c2000_22.6.1.LTS/bin/cl2000" -v28 -ml -mt --cla_support=cla1 --float_support=fpu32 --tmu_support=tmu0 --vcu_support=vcu2 --include_path="D:/SEM-5/Open_Laboratory_1/CCS_Codes/Open_lab" --include_path="C:/ti/c2000/C2000Ware_6_00_00_00/device_support/f2837xd/common/include" --include_path="C:/ti/c2000/C2000Ware_6_00_00_00/device_support/f2837xd/headers/include" --include_path="C:/ti/c2000/C2000Ware_6_00_00_00/driverlib/f2837xd/driverlib" --include_path="C:/ti/c2000/C2000Ware_6_00_00_00/driverlib/f2837xd/driverlib/inc" --include_path="C:/ti/ccs1281/ccs/tools/compiler/ti-cgt-c2000_22.6.1.LTS/include" --advice:performance=all --define=CPU1 -g --diag_warning=225 --diag_wrap=off --display_error_number --abi=coffabi --preproc_with_compile --preproc_dependency="main.d_raw"  "../main.c"
Finished building: "../main.c"
 
Building target: "Open_lab.out"
Invoking: C2000 Linker
"C:/ti/ccs1281/ccs/tools/compiler/ti-cgt-c2000_22.6.1.LTS/bin/cl2000" -v28 -ml -mt --cla_support=cla1 --float_support=fpu32 --tmu_support=tmu0 --vcu_support=vcu2 --advice:performance=all --define=CPU1 -g --diag_warning=225 --diag_wrap=off --display_error_number --abi=coffabi -z -m"Open_lab.map" --stack_size=0x200 --warn_sections -i"C:/ti/ccs1281/ccs/tools/compiler/ti-cgt-c2000_22.6.1.LTS/lib" -i"C:/ti/c2000/C2000Ware_6_00_00_00/device_support/f2837xd/common/cmd" -i"C:/ti/c2000/C2000Ware_6_00_00_00/device_support/f2837xd/headers/cmd" -i"C:/ti/ccs1281/ccs/tools/compiler/ti-cgt-c2000_22.6.1.LTS/include" --reread_libs --diag_wrap=off --display_error_number --xml_link_info="Open_lab_linkInfo.xml" --rom_model -o "Open_lab.out" "./F2837xD_CodeStartBranch.obj" "./F2837xD_GlobalVariableDefs.obj" "./F2837xD_Gpio.obj" "./F2837xD_Ipc.obj" "./F2837xD_SysCtrl.obj" "./F2837xD_usDelay.obj" "./main.obj" "../2837x_FLASH_lnk_cpu1.cmd"  -l"C:/ti/c2000/C2000Ware_6_00_00_00/driverlib/f2837xd/driverlib/ccs/Debug/driverlib_coff.lib" -llibc.a -l"C:/ti/c2000/C2000Ware_6_00_00_00/device_support/f2837xd/headers/cmd/F2837xD_Headers_nonBIOS_cpu1.cmd" 
<Linking>
 
 undefined first referenced                                                                               
  symbol       in file                                                                                    
 --------- ----------------                                                                               
 _main     C:\ti\ccs1281\ccs\tools\compiler\ti-cgt-c2000_22.6.1.LTS\lib\rts2800_fpu32.lib<args_main.c.obj>
 
error #10234-D: unresolved symbols remain
error #10010: errors encountered during linking; "Open_lab.out" not built
 
>> Compilation failure
makefile:143: recipe for target 'Open_lab.out' failed
gmake[1]: *** [Open_lab.out] Error 1
makefile:139: recipe for target 'all' failed
gmake: *** [all] Error 2

**** Build Finished ****

**** Build of configuration Debug for project Open_lab ****

"C:\\ti\\ccs1281\\ccs\\utils\\bin\\gmake" -k -j 16 all -O 
 
Building file: "../main.c"
Invoking: C2000 Compiler
"C:/ti/ccs1281/ccs/tools/compiler/ti-cgt-c2000_22.6.1.LTS/bin/cl2000" -v28 -ml -mt --cla_support=cla1 --float_support=fpu32 --tmu_support=tmu0 --vcu_support=vcu2 --include_path="D:/SEM-5/Open_Laboratory_1/CCS_Codes/Open_lab" --include_path="C:/ti/c2000/C2000Ware_6_00_00_00/device_support/f2837xd/common/include" --include_path="C:/ti/c2000/C2000Ware_6_00_00_00/device_support/f2837xd/headers/include" --include_path="C:/ti/c2000/C2000Ware_6_00_00_00/driverlib/f2837xd/driverlib" --include_path="C:/ti/c2000/C2000Ware_6_00_00_00/driverlib/f2837xd/driverlib/inc" --include_path="C:/ti/ccs1281/ccs/tools/compiler/ti-cgt-c2000_22.6.1.LTS/include" --advice:performance=all --define=CPU1 -g --diag_warning=225 --diag_wrap=off --display_error_number --abi=coffabi --preproc_with_compile --preproc_dependency="main.d_raw"  "../main.c"
 
>> Compilation failure
subdir_rules.mk:51: recipe for target 'main.obj' failed
"../main.c", line 26: error #20: identifier "SYSCTL_PERIPH_CLK_GPIOA" is undefined
"../main.c", line 27: error #20: identifier "SYSCTL_PERIPH_CLK_GPIOB" is undefined
2 errors detected in the compilation of "../main.c".
gmake: *** [main.obj] Error 1
gmake: Target 'all' not remade because of errors.

**** Build Finished ****

**** Build of configuration Debug for project Open_lab ****

"C:\\ti\\ccs1281\\ccs\\utils\\bin\\gmake" -k -j 16 all -O 
 
Building file: "../main.c"
Invoking: C2000 Compiler
"C:/ti/ccs1281/ccs/tools/compiler/ti-cgt-c2000_22.6.1.LTS/bin/cl2000" -v28 -ml -mt --cla_support=cla1 --float_support=fpu32 --tmu_support=tmu0 --vcu_support=vcu2 --include_path="D:/SEM-5/Open_Laboratory_1/CCS_Codes/Open_lab" --include_path="C:/ti/c2000/C2000Ware_6_00_00_00/device_support/f2837xd/common/include" --include_path="C:/ti/c2000/C2000Ware_6_00_00_00/device_support/f2837xd/headers/include" --include_path="C:/ti/c2000/C2000Ware_6_00_00_00/driverlib/f2837xd/driverlib" --include_path="C:/ti/c2000/C2000Ware_6_00_00_00/driverlib/f2837xd/driverlib/inc" --include_path="C:/ti/ccs1281/ccs/tools/compiler/ti-cgt-c2000_22.6.1.LTS/include" --advice:performance=all --define=CPU1 -g --diag_warning=225 --diag_wrap=off --display_error_number --abi=coffabi --preproc_with_compile --preproc_dependency="main.d_raw"  "../main.c"
Finished building: "../main.c"
 
Building target: "Open_lab.out"
Invoking: C2000 Linker
"C:/ti/ccs1281/ccs/tools/compiler/ti-cgt-c2000_22.6.1.LTS/bin/cl2000" -v28 -ml -mt --cla_support=cla1 --float_support=fpu32 --tmu_support=tmu0 --vcu_support=vcu2 --advice:performance=all --define=CPU1 -g --diag_warning=225 --diag_wrap=off --display_error_number --abi=coffabi -z -m"Open_lab.map" --stack_size=0x200 --warn_sections -i"C:/ti/ccs1281/ccs/tools/compiler/ti-cgt-c2000_22.6.1.LTS/lib" -i"C:/ti/c2000/C2000Ware_6_00_00_00/device_support/f2837xd/common/cmd" -i"C:/ti/c2000/C2000Ware_6_00_00_00/device_support/f2837xd/headers/cmd" -i"C:/ti/ccs1281/ccs/tools/compiler/ti-cgt-c2000_22.6.1.LTS/include" --reread_libs --diag_wrap=off --display_error_number --xml_link_info="Open_lab_linkInfo.xml" --rom_model -o "Open_lab.out" "./F2837xD_CodeStartBranch.obj" "./F2837xD_GlobalVariableDefs.obj" "./F2837xD_Gpio.obj" "./F2837xD_Ipc.obj" "./F2837xD_SysCtrl.obj" "./F2837xD_usDelay.obj" "./main.obj" "../2837x_FLASH_lnk_cpu1.cmd"  -l"C:/ti/c2000/C2000Ware_6_00_00_00/driverlib/f2837xd/driverlib/ccs/Debug/driverlib_coff.lib" -llibc.a -l"C:/ti/c2000/C2000Ware_6_00_00_00/device_support/f2837xd/headers/cmd/F2837xD_Headers_nonBIOS_cpu1.cmd" 
<Linking>
 
 undefined first referenced                                                                               
  symbol       in file                                                                                    
 --------- ----------------                                                                               
 _main     C:\ti\ccs1281\ccs\tools\compiler\ti-cgt-c2000_22.6.1.LTS\lib\rts2800_fpu32.lib<args_main.c.obj>
 
error #10234-D: unresolved symbols remain
error #10010: errors encountered during linking; "Open_lab.out" not built
 
>> Compilation failure
makefile:143: recipe for target 'Open_lab.out' failed
gmake[1]: *** [Open_lab.out] Error 1
makefile:139: recipe for target 'all' failed
gmake: *** [all] Error 2

**** Build Finished ****

**** Build of configuration Debug for project Open_lab ****

"C:\\ti\\ccs1281\\ccs\\utils\\bin\\gmake" -k -j 16 all -O 
 
Building file: "../device.c"
Invoking: C2000 Compiler
"C:/ti/ccs1281/ccs/tools/compiler/ti-cgt-c2000_22.6.1.LTS/bin/cl2000" -v28 -ml -mt --cla_support=cla1 --float_support=fpu32 --tmu_support=tmu0 --vcu_support=vcu2 --include_path="D:/SEM-5/Open_Laboratory_1/CCS_Codes/Open_lab" --include_path="C:/ti/c2000/C2000Ware_6_00_00_00/device_support/f2837xd/common/include" --include_path="C:/ti/c2000/C2000Ware_6_00_00_00/device_support/f2837xd/headers/include" --include_path="C:/ti/c2000/C2000Ware_6_00_00_00/driverlib/f2837xd/driverlib" --include_path="C:/ti/c2000/C2000Ware_6_00_00_00/driverlib/f2837xd/driverlib/inc" --include_path="C:/ti/ccs1281/ccs/tools/compiler/ti-cgt-c2000_22.6.1.LTS/include" --advice:performance=all --define=CPU1 -g --diag_warning=225 --diag_wrap=off --display_error_number --abi=coffabi --preproc_with_compile --preproc_dependency="device.d_raw"  "../device.c"
Finished building: "../device.c"
 
Building file: "../main.c"
Invoking: C2000 Compiler
"C:/ti/ccs1281/ccs/tools/compiler/ti-cgt-c2000_22.6.1.LTS/bin/cl2000" -v28 -ml -mt --cla_support=cla1 --float_support=fpu32 --tmu_support=tmu0 --vcu_support=vcu2 --include_path="D:/SEM-5/Open_Laboratory_1/CCS_Codes/Open_lab" --include_path="C:/ti/c2000/C2000Ware_6_00_00_00/device_support/f2837xd/common/include" --include_path="C:/ti/c2000/C2000Ware_6_00_00_00/device_support/f2837xd/headers/include" --include_path="C:/ti/c2000/C2000Ware_6_00_00_00/driverlib/f2837xd/driverlib" --include_path="C:/ti/c2000/C2000Ware_6_00_00_00/driverlib/f2837xd/driverlib/inc" --include_path="C:/ti/ccs1281/ccs/tools/compiler/ti-cgt-c2000_22.6.1.LTS/include" --advice:performance=all --define=CPU1 -g --diag_warning=225 --diag_wrap=off --display_error_number --abi=coffabi --preproc_with_compile --preproc_dependency="main.d_raw"  "../main.c"
Finished building: "../main.c"
 
Building target: "Open_lab.out"
Invoking: C2000 Linker
"C:/ti/ccs1281/ccs/tools/compiler/ti-cgt-c2000_22.6.1.LTS/bin/cl2000" -v28 -ml -mt --cla_support=cla1 --float_support=fpu32 --tmu_support=tmu0 --vcu_support=vcu2 --advice:performance=all --define=CPU1 -g --diag_warning=225 --diag_wrap=off --display_error_number --abi=coffabi -z -m"Open_lab.map" --stack_size=0x200 --warn_sections -i"C:/ti/ccs1281/ccs/tools/compiler/ti-cgt-c2000_22.6.1.LTS/lib" -i"C:/ti/c2000/C2000Ware_6_00_00_00/device_support/f2837xd/common/cmd" -i"C:/ti/c2000/C2000Ware_6_00_00_00/device_support/f2837xd/headers/cmd" -i"C:/ti/ccs1281/ccs/tools/compiler/ti-cgt-c2000_22.6.1.LTS/include" --reread_libs --diag_wrap=off --display_error_number --xml_link_info="Open_lab_linkInfo.xml" --rom_model -o "Open_lab.out" "./F2837xD_CodeStartBranch.obj" "./F2837xD_GlobalVariableDefs.obj" "./F2837xD_Gpio.obj" "./F2837xD_Ipc.obj" "./F2837xD_SysCtrl.obj" "./F2837xD_usDelay.obj" "./device.obj" "./main.obj" "../2837x_FLASH_lnk_cpu1.cmd"  -l"C:/ti/c2000/C2000Ware_6_00_00_00/driverlib/f2837xd/driverlib/ccs/Debug/driverlib_coff.lib" -llibc.a -l"C:/ti/c2000/C2000Ware_6_00_00_00/device_support/f2837xd/headers/cmd/F2837xD_Headers_nonBIOS_cpu1.cmd" 
<Linking>
Finished building target: "Open_lab.out"
 

**** Build Finished ****

**** Build of configuration Debug for project Open_lab ****

"C:\\ti\\ccs1281\\ccs\\utils\\bin\\gmake" -k -j 16 all -O 
 
Building file: "C:/ti/c2000/C2000Ware_6_00_00_00/device_support/f2837xd/common/source/F2837xD_CodeStartBranch.asm"
Invoking: C2000 Compiler
"C:/ti/ccs1281/ccs/tools/compiler/ti-cgt-c2000_22.6.1.LTS/bin/cl2000" -v28 -ml -mt --cla_support=cla1 --float_support=fpu32 --tmu_support=tmu0 --vcu_support=vcu2 --include_path="D:/SEM-5/Open_Laboratory_1/CCS_Codes/Open_lab" --include_path="C:/ti/c2000/C2000Ware_6_00_00_00/device_support/f2837xd/common/include" --include_path="C:/ti/c2000/C2000Ware_6_00_00_00/device_support/f2837xd/headers/include" --include_path="C:/ti/c2000/C2000Ware_6_00_00_00/driverlib/f2837xd/driverlib" --include_path="C:/ti/c2000/C2000Ware_6_00_00_00/driverlib/f2837xd/driverlib/inc" --include_path="C:/ti/ccs1281/ccs/tools/compiler/ti-cgt-c2000_22.6.1.LTS/include" --advice:performance=all --define=CPU1 -g --diag_warning=225 --diag_wrap=off --display_error_number --abi=coffabi --preproc_with_compile --preproc_dependency="F2837xD_CodeStartBranch.d_raw"  "C:/ti/c2000/C2000Ware_6_00_00_00/device_support/f2837xd/common/source/F2837xD_CodeStartBranch.asm"
Finished building: "C:/ti/c2000/C2000Ware_6_00_00_00/device_support/f2837xd/common/source/F2837xD_CodeStartBranch.asm"
 
Building file: "C:/ti/c2000/C2000Ware_6_00_00_00/device_support/f2837xd/common/source/F2837xD_usDelay.asm"
Invoking: C2000 Compiler
"C:/ti/ccs1281/ccs/tools/compiler/ti-cgt-c2000_22.6.1.LTS/bin/cl2000" -v28 -ml -mt --cla_support=cla1 --float_support=fpu32 --tmu_support=tmu0 --vcu_support=vcu2 --include_path="D:/SEM-5/Open_Laboratory_1/CCS_Codes/Open_lab" --include_path="C:/ti/c2000/C2000Ware_6_00_00_00/device_support/f2837xd/common/include" --include_path="C:/ti/c2000/C2000Ware_6_00_00_00/device_support/f2837xd/headers/include" --include_path="C:/ti/c2000/C2000Ware_6_00_00_00/driverlib/f2837xd/driverlib" --include_path="C:/ti/c2000/C2000Ware_6_00_00_00/driverlib/f2837xd/driverlib/inc" --include_path="C:/ti/ccs1281/ccs/tools/compiler/ti-cgt-c2000_22.6.1.LTS/include" --advice:performance=all --define=CPU1 -g --diag_warning=225 --diag_wrap=off --display_error_number --abi=coffabi --preproc_with_compile --preproc_dependency="F2837xD_usDelay.d_raw"  "C:/ti/c2000/C2000Ware_6_00_00_00/device_support/f2837xd/common/source/F2837xD_usDelay.asm"
Finished building: "C:/ti/c2000/C2000Ware_6_00_00_00/device_support/f2837xd/common/source/F2837xD_usDelay.asm"
 
Building file: "C:/ti/c2000/C2000Ware_6_00_00_00/device_support/f2837xd/common/source/F2837xD_Ipc.c"
Invoking: C2000 Compiler
"C:/ti/ccs1281/ccs/tools/compiler/ti-cgt-c2000_22.6.1.LTS/bin/cl2000" -v28 -ml -mt --cla_support=cla1 --float_support=fpu32 --tmu_support=tmu0 --vcu_support=vcu2 --include_path="D:/SEM-5/Open_Laboratory_1/CCS_Codes/Open_lab" --include_path="C:/ti/c2000/C2000Ware_6_00_00_00/device_support/f2837xd/common/include" --include_path="C:/ti/c2000/C2000Ware_6_00_00_00/device_support/f2837xd/headers/include" --include_path="C:/ti/c2000/C2000Ware_6_00_00_00/driverlib/f2837xd/driverlib" --include_path="C:/ti/c2000/C2000Ware_6_00_00_00/driverlib/f2837xd/driverlib/inc" --include_path="C:/ti/ccs1281/ccs/tools/compiler/ti-cgt-c2000_22.6.1.LTS/include" --advice:performance=all --define=CPU1 -g --diag_warning=225 --diag_wrap=off --display_error_number --abi=coffabi --preproc_with_compile --preproc_dependency="F2837xD_Ipc.d_raw"  "C:/ti/c2000/C2000Ware_6_00_00_00/device_support/f2837xd/common/source/F2837xD_Ipc.c"
Finished building: "C:/ti/c2000/C2000Ware_6_00_00_00/device_support/f2837xd/common/source/F2837xD_Ipc.c"
 
Building file: "../main.c"
Invoking: C2000 Compiler
"C:/ti/ccs1281/ccs/tools/compiler/ti-cgt-c2000_22.6.1.LTS/bin/cl2000" -v28 -ml -mt --cla_support=cla1 --float_support=fpu32 --tmu_support=tmu0 --vcu_support=vcu2 --include_path="D:/SEM-5/Open_Laboratory_1/CCS_Codes/Open_lab" --include_path="C:/ti/c2000/C2000Ware_6_00_00_00/device_support/f2837xd/common/include" --include_path="C:/ti/c2000/C2000Ware_6_00_00_00/device_support/f2837xd/headers/include" --include_path="C:/ti/c2000/C2000Ware_6_00_00_00/driverlib/f2837xd/driverlib" --include_path="C:/ti/c2000/C2000Ware_6_00_00_00/driverlib/f2837xd/driverlib/inc" --include_path="C:/ti/ccs1281/ccs/tools/compiler/ti-cgt-c2000_22.6.1.LTS/include" --advice:performance=all --define=CPU1 -g --diag_warning=225 --diag_wrap=off --display_error_number --abi=coffabi --preproc_with_compile --preproc_dependency="main.d_raw"  "../main.c"
Finished building: "../main.c"
 
Building file: "../device.c"
Invoking: C2000 Compiler
"C:/ti/ccs1281/ccs/tools/compiler/ti-cgt-c2000_22.6.1.LTS/bin/cl2000" -v28 -ml -mt --cla_support=cla1 --float_support=fpu32 --tmu_support=tmu0 --vcu_support=vcu2 --include_path="D:/SEM-5/Open_Laboratory_1/CCS_Codes/Open_lab" --include_path="C:/ti/c2000/C2000Ware_6_00_00_00/device_support/f2837xd/common/include" --include_path="C:/ti/c2000/C2000Ware_6_00_00_00/device_support/f2837xd/headers/include" --include_path="C:/ti/c2000/C2000Ware_6_00_00_00/driverlib/f2837xd/driverlib" --include_path="C:/ti/c2000/C2000Ware_6_00_00_00/driverlib/f2837xd/driverlib/inc" --include_path="C:/ti/ccs1281/ccs/tools/compiler/ti-cgt-c2000_22.6.1.LTS/include" --advice:performance=all --define=CPU1 -g --diag_warning=225 --diag_wrap=off --display_error_number --abi=coffabi --preproc_with_compile --preproc_dependency="device.d_raw"  "../device.c"
Finished building: "../device.c"
 
Building file: "C:/ti/c2000/C2000Ware_6_00_00_00/device_support/f2837xd/common/source/F2837xD_Gpio.c"
Invoking: C2000 Compiler
"C:/ti/ccs1281/ccs/tools/compiler/ti-cgt-c2000_22.6.1.LTS/bin/cl2000" -v28 -ml -mt --cla_support=cla1 --float_support=fpu32 --tmu_support=tmu0 --vcu_support=vcu2 --include_path="D:/SEM-5/Open_Laboratory_1/CCS_Codes/Open_lab" --include_path="C:/ti/c2000/C2000Ware_6_00_00_00/device_support/f2837xd/common/include" --include_path="C:/ti/c2000/C2000Ware_6_00_00_00/device_support/f2837xd/headers/include" --include_path="C:/ti/c2000/C2000Ware_6_00_00_00/driverlib/f2837xd/driverlib" --include_path="C:/ti/c2000/C2000Ware_6_00_00_00/driverlib/f2837xd/driverlib/inc" --include_path="C:/ti/ccs1281/ccs/tools/compiler/ti-cgt-c2000_22.6.1.LTS/include" --advice:performance=all --define=CPU1 -g --diag_warning=225 --diag_wrap=off --display_error_number --abi=coffabi --preproc_with_compile --preproc_dependency="F2837xD_Gpio.d_raw"  "C:/ti/c2000/C2000Ware_6_00_00_00/device_support/f2837xd/common/source/F2837xD_Gpio.c"
Finished building: "C:/ti/c2000/C2000Ware_6_00_00_00/device_support/f2837xd/common/source/F2837xD_Gpio.c"
 
Building file: "C:/ti/c2000/C2000Ware_6_00_00_00/device_support/f2837xd/common/source/F2837xD_SysCtrl.c"
Invoking: C2000 Compiler
"C:/ti/ccs1281/ccs/tools/compiler/ti-cgt-c2000_22.6.1.LTS/bin/cl2000" -v28 -ml -mt --cla_support=cla1 --float_support=fpu32 --tmu_support=tmu0 --vcu_support=vcu2 --include_path="D:/SEM-5/Open_Laboratory_1/CCS_Codes/Open_lab" --include_path="C:/ti/c2000/C2000Ware_6_00_00_00/device_support/f2837xd/common/include" --include_path="C:/ti/c2000/C2000Ware_6_00_00_00/device_support/f2837xd/headers/include" --include_path="C:/ti/c2000/C2000Ware_6_00_00_00/driverlib/f2837xd/driverlib" --include_path="C:/ti/c2000/C2000Ware_6_00_00_00/driverlib/f2837xd/driverlib/inc" --include_path="C:/ti/ccs1281/ccs/tools/compiler/ti-cgt-c2000_22.6.1.LTS/include" --advice:performance=all --define=CPU1 -g --diag_warning=225 --diag_wrap=off --display_error_number --abi=coffabi --preproc_with_compile --preproc_dependency="F2837xD_SysCtrl.d_raw"  "C:/ti/c2000/C2000Ware_6_00_00_00/device_support/f2837xd/common/source/F2837xD_SysCtrl.c"
"C:/ti/c2000/C2000Ware_6_00_00_00/device_support/f2837xd/common/source/F2837xD_SysCtrl.c", line 837 (col. 47): advice #2614-D: (Performance) Use --fp_mode=relaxed to enable TMU hardware support for FP division.
Finished building: "C:/ti/c2000/C2000Ware_6_00_00_00/device_support/f2837xd/common/source/F2837xD_SysCtrl.c"
 
Building file: "C:/ti/c2000/C2000Ware_6_00_00_00/device_support/f2837xd/headers/source/F2837xD_GlobalVariableDefs.c"
Invoking: C2000 Compiler
"C:/ti/ccs1281/ccs/tools/compiler/ti-cgt-c2000_22.6.1.LTS/bin/cl2000" -v28 -ml -mt --cla_support=cla1 --float_support=fpu32 --tmu_support=tmu0 --vcu_support=vcu2 --include_path="D:/SEM-5/Open_Laboratory_1/CCS_Codes/Open_lab" --include_path="C:/ti/c2000/C2000Ware_6_00_00_00/device_support/f2837xd/common/include" --include_path="C:/ti/c2000/C2000Ware_6_00_00_00/device_support/f2837xd/headers/include" --include_path="C:/ti/c2000/C2000Ware_6_00_00_00/driverlib/f2837xd/driverlib" --include_path="C:/ti/c2000/C2000Ware_6_00_00_00/driverlib/f2837xd/driverlib/inc" --include_path="C:/ti/ccs1281/ccs/tools/compiler/ti-cgt-c2000_22.6.1.LTS/include" --advice:performance=all --define=CPU1 -g --diag_warning=225 --diag_wrap=off --display_error_number --abi=coffabi --preproc_with_compile --preproc_dependency="F2837xD_GlobalVariableDefs.d_raw"  "C:/ti/c2000/C2000Ware_6_00_00_00/device_support/f2837xd/headers/source/F2837xD_GlobalVariableDefs.c"
Finished building: "C:/ti/c2000/C2000Ware_6_00_00_00/device_support/f2837xd/headers/source/F2837xD_GlobalVariableDefs.c"
 
Building target: "Open_lab.out"
Invoking: C2000 Linker
"C:/ti/ccs1281/ccs/tools/compiler/ti-cgt-c2000_22.6.1.LTS/bin/cl2000" -v28 -ml -mt --cla_support=cla1 --float_support=fpu32 --tmu_support=tmu0 --vcu_support=vcu2 --advice:performance=all --define=CPU1 -g --diag_warning=225 --diag_wrap=off --display_error_number --abi=coffabi -z -m"Open_lab.map" --stack_size=0x200 --warn_sections -i"C:/ti/ccs1281/ccs/tools/compiler/ti-cgt-c2000_22.6.1.LTS/lib" -i"C:/ti/c2000/C2000Ware_6_00_00_00/device_support/f2837xd/common/cmd" -i"C:/ti/c2000/C2000Ware_6_00_00_00/device_support/f2837xd/headers/cmd" -i"C:/ti/ccs1281/ccs/tools/compiler/ti-cgt-c2000_22.6.1.LTS/include" --reread_libs --diag_wrap=off --display_error_number --xml_link_info="Open_lab_linkInfo.xml" --rom_model -o "Open_lab.out" "./F2837xD_CodeStartBranch.obj" "./F2837xD_GlobalVariableDefs.obj" "./F2837xD_Gpio.obj" "./F2837xD_Ipc.obj" "./F2837xD_SysCtrl.obj" "./F2837xD_usDelay.obj" "./device.obj" "./main.obj" "../2837x_FLASH_lnk_cpu1.cmd"  -l"C:/ti/c2000/C2000Ware_6_00_00_00/driverlib/f2837xd/driverlib/ccs/Debug/driverlib_coff.lib" -llibc.a -l"C:/ti/c2000/C2000Ware_6_00_00_00/device_support/f2837xd/headers/cmd/F2837xD_Headers_nonBIOS_cpu1.cmd" 
<Linking>
Finished building target: "Open_lab.out"
 

**** Build Finished ****

**** Build of configuration Debug for project Open_lab ****

"C:\\ti\\ccs1281\\ccs\\utils\\bin\\gmake" -k -j 16 all -O 
 
gmake[1]: 'Open_lab.out' is up to date.

**** Build Finished ****

**** Build of configuration Debug for project Open_lab ****

"C:\\ti\\ccs1281\\ccs\\utils\\bin\\gmake" -k -j 16 all -O 
 
Building file: "C:/ti/c2000/C2000Ware_6_00_00_00/device_support/f2837xd/common/source/F2837xD_CodeStartBranch.asm"
Invoking: C2000 Compiler
"C:/ti/ccs1281/ccs/tools/compiler/ti-cgt-c2000_22.6.1.LTS/bin/cl2000" -v28 -ml -mt --cla_support=cla1 --float_support=fpu32 --tmu_support=tmu0 --vcu_support=vcu2 --include_path="D:/SEM-5/Open_Laboratory_1/CCS_Codes/Open_lab" --include_path="C:/ti/c2000/C2000Ware_6_00_00_00/device_support/f2837xd/common/include" --include_path="C:/ti/c2000/C2000Ware_6_00_00_00/device_support/f2837xd/headers/include" --include_path="C:/ti/c2000/C2000Ware_6_00_00_00/driverlib/f2837xd/driverlib" --include_path="C:/ti/c2000/C2000Ware_6_00_00_00/driverlib/f2837xd/driverlib/inc" --include_path="C:/ti/ccs1281/ccs/tools/compiler/ti-cgt-c2000_22.6.1.LTS/include" --advice:performance=all --define=CPU1 -g --diag_warning=225 --diag_wrap=off --display_error_number --abi=coffabi --preproc_with_compile --preproc_dependency="F2837xD_CodeStartBranch.d_raw"  "C:/ti/c2000/C2000Ware_6_00_00_00/device_support/f2837xd/common/source/F2837xD_CodeStartBranch.asm"
Finished building: "C:/ti/c2000/C2000Ware_6_00_00_00/device_support/f2837xd/common/source/F2837xD_CodeStartBranch.asm"
 
Building file: "C:/ti/c2000/C2000Ware_6_00_00_00/device_support/f2837xd/common/source/F2837xD_usDelay.asm"
Invoking: C2000 Compiler
"C:/ti/ccs1281/ccs/tools/compiler/ti-cgt-c2000_22.6.1.LTS/bin/cl2000" -v28 -ml -mt --cla_support=cla1 --float_support=fpu32 --tmu_support=tmu0 --vcu_support=vcu2 --include_path="D:/SEM-5/Open_Laboratory_1/CCS_Codes/Open_lab" --include_path="C:/ti/c2000/C2000Ware_6_00_00_00/device_support/f2837xd/common/include" --include_path="C:/ti/c2000/C2000Ware_6_00_00_00/device_support/f2837xd/headers/include" --include_path="C:/ti/c2000/C2000Ware_6_00_00_00/driverlib/f2837xd/driverlib" --include_path="C:/ti/c2000/C2000Ware_6_00_00_00/driverlib/f2837xd/driverlib/inc" --include_path="C:/ti/ccs1281/ccs/tools/compiler/ti-cgt-c2000_22.6.1.LTS/include" --advice:performance=all --define=CPU1 -g --diag_warning=225 --diag_wrap=off --display_error_number --abi=coffabi --preproc_with_compile --preproc_dependency="F2837xD_usDelay.d_raw"  "C:/ti/c2000/C2000Ware_6_00_00_00/device_support/f2837xd/common/source/F2837xD_usDelay.asm"
Finished building: "C:/ti/c2000/C2000Ware_6_00_00_00/device_support/f2837xd/common/source/F2837xD_usDelay.asm"
 
Building file: "C:/ti/c2000/C2000Ware_6_00_00_00/device_support/f2837xd/common/source/F2837xD_Ipc.c"
Invoking: C2000 Compiler
"C:/ti/ccs1281/ccs/tools/compiler/ti-cgt-c2000_22.6.1.LTS/bin/cl2000" -v28 -ml -mt --cla_support=cla1 --float_support=fpu32 --tmu_support=tmu0 --vcu_support=vcu2 --include_path="D:/SEM-5/Open_Laboratory_1/CCS_Codes/Open_lab" --include_path="C:/ti/c2000/C2000Ware_6_00_00_00/device_support/f2837xd/common/include" --include_path="C:/ti/c2000/C2000Ware_6_00_00_00/device_support/f2837xd/headers/include" --include_path="C:/ti/c2000/C2000Ware_6_00_00_00/driverlib/f2837xd/driverlib" --include_path="C:/ti/c2000/C2000Ware_6_00_00_00/driverlib/f2837xd/driverlib/inc" --include_path="C:/ti/ccs1281/ccs/tools/compiler/ti-cgt-c2000_22.6.1.LTS/include" --advice:performance=all --define=CPU1 -g --diag_warning=225 --diag_wrap=off --display_error_number --abi=coffabi --preproc_with_compile --preproc_dependency="F2837xD_Ipc.d_raw"  "C:/ti/c2000/C2000Ware_6_00_00_00/device_support/f2837xd/common/source/F2837xD_Ipc.c"
Finished building: "C:/ti/c2000/C2000Ware_6_00_00_00/device_support/f2837xd/common/source/F2837xD_Ipc.c"
 
Building file: "../device.c"
Invoking: C2000 Compiler
"C:/ti/ccs1281/ccs/tools/compiler/ti-cgt-c2000_22.6.1.LTS/bin/cl2000" -v28 -ml -mt --cla_support=cla1 --float_support=fpu32 --tmu_support=tmu0 --vcu_support=vcu2 --include_path="D:/SEM-5/Open_Laboratory_1/CCS_Codes/Open_lab" --include_path="C:/ti/c2000/C2000Ware_6_00_00_00/device_support/f2837xd/common/include" --include_path="C:/ti/c2000/C2000Ware_6_00_00_00/device_support/f2837xd/headers/include" --include_path="C:/ti/c2000/C2000Ware_6_00_00_00/driverlib/f2837xd/driverlib" --include_path="C:/ti/c2000/C2000Ware_6_00_00_00/driverlib/f2837xd/driverlib/inc" --include_path="C:/ti/ccs1281/ccs/tools/compiler/ti-cgt-c2000_22.6.1.LTS/include" --advice:performance=all --define=CPU1 -g --diag_warning=225 --diag_wrap=off --display_error_number --abi=coffabi --preproc_with_compile --preproc_dependency="device.d_raw"  "../device.c"
Finished building: "../device.c"
 
Building file: "../main.c"
Invoking: C2000 Compiler
"C:/ti/ccs1281/ccs/tools/compiler/ti-cgt-c2000_22.6.1.LTS/bin/cl2000" -v28 -ml -mt --cla_support=cla1 --float_support=fpu32 --tmu_support=tmu0 --vcu_support=vcu2 --include_path="D:/SEM-5/Open_Laboratory_1/CCS_Codes/Open_lab" --include_path="C:/ti/c2000/C2000Ware_6_00_00_00/device_support/f2837xd/common/include" --include_path="C:/ti/c2000/C2000Ware_6_00_00_00/device_support/f2837xd/headers/include" --include_path="C:/ti/c2000/C2000Ware_6_00_00_00/driverlib/f2837xd/driverlib" --include_path="C:/ti/c2000/C2000Ware_6_00_00_00/driverlib/f2837xd/driverlib/inc" --include_path="C:/ti/ccs1281/ccs/tools/compiler/ti-cgt-c2000_22.6.1.LTS/include" --advice:performance=all --define=CPU1 -g --diag_warning=225 --diag_wrap=off --display_error_number --abi=coffabi --preproc_with_compile --preproc_dependency="main.d_raw"  "../main.c"
Finished building: "../main.c"
 
Building file: "C:/ti/c2000/C2000Ware_6_00_00_00/device_support/f2837xd/common/source/F2837xD_Gpio.c"
Invoking: C2000 Compiler
"C:/ti/ccs1281/ccs/tools/compiler/ti-cgt-c2000_22.6.1.LTS/bin/cl2000" -v28 -ml -mt --cla_support=cla1 --float_support=fpu32 --tmu_support=tmu0 --vcu_support=vcu2 --include_path="D:/SEM-5/Open_Laboratory_1/CCS_Codes/Open_lab" --include_path="C:/ti/c2000/C2000Ware_6_00_00_00/device_support/f2837xd/common/include" --include_path="C:/ti/c2000/C2000Ware_6_00_00_00/device_support/f2837xd/headers/include" --include_path="C:/ti/c2000/C2000Ware_6_00_00_00/driverlib/f2837xd/driverlib" --include_path="C:/ti/c2000/C2000Ware_6_00_00_00/driverlib/f2837xd/driverlib/inc" --include_path="C:/ti/ccs1281/ccs/tools/compiler/ti-cgt-c2000_22.6.1.LTS/include" --advice:performance=all --define=CPU1 -g --diag_warning=225 --diag_wrap=off --display_error_number --abi=coffabi --preproc_with_compile --preproc_dependency="F2837xD_Gpio.d_raw"  "C:/ti/c2000/C2000Ware_6_00_00_00/device_support/f2837xd/common/source/F2837xD_Gpio.c"
Finished building: "C:/ti/c2000/C2000Ware_6_00_00_00/device_support/f2837xd/common/source/F2837xD_Gpio.c"
 
Building file: "C:/ti/c2000/C2000Ware_6_00_00_00/device_support/f2837xd/common/source/F2837xD_SysCtrl.c"
Invoking: C2000 Compiler
"C:/ti/ccs1281/ccs/tools/compiler/ti-cgt-c2000_22.6.1.LTS/bin/cl2000" -v28 -ml -mt --cla_support=cla1 --float_support=fpu32 --tmu_support=tmu0 --vcu_support=vcu2 --include_path="D:/SEM-5/Open_Laboratory_1/CCS_Codes/Open_lab" --include_path="C:/ti/c2000/C2000Ware_6_00_00_00/device_support/f2837xd/common/include" --include_path="C:/ti/c2000/C2000Ware_6_00_00_00/device_support/f2837xd/headers/include" --include_path="C:/ti/c2000/C2000Ware_6_00_00_00/driverlib/f2837xd/driverlib" --include_path="C:/ti/c2000/C2000Ware_6_00_00_00/driverlib/f2837xd/driverlib/inc" --include_path="C:/ti/ccs1281/ccs/tools/compiler/ti-cgt-c2000_22.6.1.LTS/include" --advice:performance=all --define=CPU1 -g --diag_warning=225 --diag_wrap=off --display_error_number --abi=coffabi --preproc_with_compile --preproc_dependency="F2837xD_SysCtrl.d_raw"  "C:/ti/c2000/C2000Ware_6_00_00_00/device_support/f2837xd/common/source/F2837xD_SysCtrl.c"
"C:/ti/c2000/C2000Ware_6_00_00_00/device_support/f2837xd/common/source/F2837xD_SysCtrl.c", line 837 (col. 47): advice #2614-D: (Performance) Use --fp_mode=relaxed to enable TMU hardware support for FP division.
Finished building: "C:/ti/c2000/C2000Ware_6_00_00_00/device_support/f2837xd/common/source/F2837xD_SysCtrl.c"
 
Building file: "C:/ti/c2000/C2000Ware_6_00_00_00/device_support/f2837xd/headers/source/F2837xD_GlobalVariableDefs.c"
Invoking: C2000 Compiler
"C:/ti/ccs1281/ccs/tools/compiler/ti-cgt-c2000_22.6.1.LTS/bin/cl2000" -v28 -ml -mt --cla_support=cla1 --float_support=fpu32 --tmu_support=tmu0 --vcu_support=vcu2 --include_path="D:/SEM-5/Open_Laboratory_1/CCS_Codes/Open_lab" --include_path="C:/ti/c2000/C2000Ware_6_00_00_00/device_support/f2837xd/common/include" --include_path="C:/ti/c2000/C2000Ware_6_00_00_00/device_support/f2837xd/headers/include" --include_path="C:/ti/c2000/C2000Ware_6_00_00_00/driverlib/f2837xd/driverlib" --include_path="C:/ti/c2000/C2000Ware_6_00_00_00/driverlib/f2837xd/driverlib/inc" --include_path="C:/ti/ccs1281/ccs/tools/compiler/ti-cgt-c2000_22.6.1.LTS/include" --advice:performance=all --define=CPU1 -g --diag_warning=225 --diag_wrap=off --display_error_number --abi=coffabi --preproc_with_compile --preproc_dependency="F2837xD_GlobalVariableDefs.d_raw"  "C:/ti/c2000/C2000Ware_6_00_00_00/device_support/f2837xd/headers/source/F2837xD_GlobalVariableDefs.c"
Finished building: "C:/ti/c2000/C2000Ware_6_00_00_00/device_support/f2837xd/headers/source/F2837xD_GlobalVariableDefs.c"
 
Building target: "Open_lab.out"
Invoking: C2000 Linker
"C:/ti/ccs1281/ccs/tools/compiler/ti-cgt-c2000_22.6.1.LTS/bin/cl2000" -v28 -ml -mt --cla_support=cla1 --float_support=fpu32 --tmu_support=tmu0 --vcu_support=vcu2 --advice:performance=all --define=CPU1 -g --diag_warning=225 --diag_wrap=off --display_error_number --abi=coffabi -z -m"Open_lab.map" --stack_size=0x200 --warn_sections -i"C:/ti/ccs1281/ccs/tools/compiler/ti-cgt-c2000_22.6.1.LTS/lib" -i"C:/ti/c2000/C2000Ware_6_00_00_00/device_support/f2837xd/common/cmd" -i"C:/ti/c2000/C2000Ware_6_00_00_00/device_support/f2837xd/headers/cmd" -i"C:/ti/ccs1281/ccs/tools/compiler/ti-cgt-c2000_22.6.1.LTS/include" --reread_libs --diag_wrap=off --display_error_number --xml_link_info="Open_lab_linkInfo.xml" --rom_model -o "Open_lab.out" "./F2837xD_CodeStartBranch.obj" "./F2837xD_GlobalVariableDefs.obj" "./F2837xD_Gpio.obj" "./F2837xD_Ipc.obj" "./F2837xD_SysCtrl.obj" "./F2837xD_usDelay.obj" "./device.obj" "./main.obj" "../2837x_FLASH_lnk_cpu1.cmd"  -l"C:/ti/c2000/C2000Ware_6_00_00_00/driverlib/f2837xd/driverlib/ccs/Debug/driverlib_coff.lib" -llibc.a -l"C:/ti/c2000/C2000Ware_6_00_00_00/device_support/f2837xd/headers/cmd/F2837xD_Headers_nonBIOS_cpu1.cmd" 
<Linking>
Finished building target: "Open_lab.out"
 

**** Build Finished ****

**** Build of configuration Debug for project Open_lab ****

"C:\\ti\\ccs1281\\ccs\\utils\\bin\\gmake" -k -j 16 all -O 
 
Building file: "../main.c"
Invoking: C2000 Compiler
"C:/ti/ccs1281/ccs/tools/compiler/ti-cgt-c2000_22.6.1.LTS/bin/cl2000" -v28 -ml -mt --cla_support=cla1 --float_support=fpu32 --tmu_support=tmu0 --vcu_support=vcu2 --include_path="D:/SEM-5/Open_Laboratory_1/CCS_Codes/Open_lab" --include_path="C:/ti/c2000/C2000Ware_6_00_00_00/device_support/f2837xd/common/include" --include_path="C:/ti/c2000/C2000Ware_6_00_00_00/device_support/f2837xd/headers/include" --include_path="C:/ti/c2000/C2000Ware_6_00_00_00/driverlib/f2837xd/driverlib" --include_path="C:/ti/c2000/C2000Ware_6_00_00_00/driverlib/f2837xd/driverlib/inc" --include_path="C:/ti/ccs1281/ccs/tools/compiler/ti-cgt-c2000_22.6.1.LTS/include" --advice:performance=all --define=CPU1 -g --diag_warning=225 --diag_wrap=off --display_error_number --abi=coffabi --preproc_with_compile --preproc_dependency="main.d_raw"  "../main.c"
Finished building: "../main.c"
 
Building target: "Open_lab.out"
Invoking: C2000 Linker
"C:/ti/ccs1281/ccs/tools/compiler/ti-cgt-c2000_22.6.1.LTS/bin/cl2000" -v28 -ml -mt --cla_support=cla1 --float_support=fpu32 --tmu_support=tmu0 --vcu_support=vcu2 --advice:performance=all --define=CPU1 -g --diag_warning=225 --diag_wrap=off --display_error_number --abi=coffabi -z -m"Open_lab.map" --stack_size=0x200 --warn_sections -i"C:/ti/ccs1281/ccs/tools/compiler/ti-cgt-c2000_22.6.1.LTS/lib" -i"C:/ti/c2000/C2000Ware_6_00_00_00/device_support/f2837xd/common/cmd" -i"C:/ti/c2000/C2000Ware_6_00_00_00/device_support/f2837xd/headers/cmd" -i"C:/ti/ccs1281/ccs/tools/compiler/ti-cgt-c2000_22.6.1.LTS/include" --reread_libs --diag_wrap=off --display_error_number --xml_link_info="Open_lab_linkInfo.xml" --rom_model -o "Open_lab.out" "./F2837xD_CodeStartBranch.obj" "./F2837xD_GlobalVariableDefs.obj" "./F2837xD_Gpio.obj" "./F2837xD_Ipc.obj" "./F2837xD_SysCtrl.obj" "./F2837xD_usDelay.obj" "./device.obj" "./main.obj" "../2837x_FLASH_lnk_cpu1.cmd"  -l"C:/ti/c2000/C2000Ware_6_00_00_00/driverlib/f2837xd/driverlib/ccs/Debug/driverlib_coff.lib" -llibc.a -l"C:/ti/c2000/C2000Ware_6_00_00_00/device_support/f2837xd/headers/cmd/F2837xD_Headers_nonBIOS_cpu1.cmd" 
<Linking>
Finished building target: "Open_lab.out"
 

**** Build Finished ****

**** Build of configuration Debug for project Open_lab ****

"C:\\ti\\ccs1281\\ccs\\utils\\bin\\gmake" -k -j 16 all -O 
 
gmake[1]: 'Open_lab.out' is up to date.

**** Build Finished ****

**** Build of configuration Debug for project Open_lab ****

"C:\\ti\\ccs1281\\ccs\\utils\\bin\\gmake" -k -j 16 all -O 
 
Building file: "../main.c"
Invoking: C2000 Compiler
"C:/ti/ccs1281/ccs/tools/compiler/ti-cgt-c2000_22.6.1.LTS/bin/cl2000" -v28 -ml -mt --cla_support=cla1 --float_support=fpu32 --tmu_support=tmu0 --vcu_support=vcu2 --include_path="D:/SEM-5/Open_Laboratory_1/CCS_Codes/Open_lab" --include_path="C:/ti/c2000/C2000Ware_6_00_00_00/device_support/f2837xd/common/include" --include_path="C:/ti/c2000/C2000Ware_6_00_00_00/device_support/f2837xd/headers/include" --include_path="C:/ti/c2000/C2000Ware_6_00_00_00/driverlib/f2837xd/driverlib" --include_path="C:/ti/c2000/C2000Ware_6_00_00_00/driverlib/f2837xd/driverlib/inc" --include_path="C:/ti/ccs1281/ccs/tools/compiler/ti-cgt-c2000_22.6.1.LTS/include" --advice:performance=all --define=CPU1 -g --diag_warning=225 --diag_wrap=off --display_error_number --abi=coffabi --preproc_with_compile --preproc_dependency="main.d_raw"  "../main.c"
 
>> Compilation failure
subdir_rules.mk:51: recipe for target 'main.obj' failed
"../main.c", line 12: error #29: expected an expression
"../main.c", line 12: error #20: identifier "i" is undefined
"../main.c", line 15: error #29: expected an expression
3 errors detected in the compilation of "../main.c".
gmake: *** [main.obj] Error 1
gmake: Target 'all' not remade because of errors.

**** Build Finished ****

**** Build of configuration Debug for project Open_lab ****

"C:\\ti\\ccs1281\\ccs\\utils\\bin\\gmake" -k -j 16 all -O 
 
Building file: "../device.c"
Invoking: C2000 Compiler
"C:/ti/ccs1281/ccs/tools/compiler/ti-cgt-c2000_22.6.1.LTS/bin/cl2000" -v28 -ml -mt --cla_support=cla1 --float_support=fpu32 --tmu_support=tmu0 --vcu_support=vcu2 --include_path="D:/SEM-5/Open_Laboratory_1/CCS_Codes/Open_lab" --include_path="C:/ti/c2000/C2000Ware_6_00_00_00/device_support/f2837xd/common/include" --include_path="C:/ti/c2000/C2000Ware_6_00_00_00/device_support/f2837xd/headers/include" --include_path="C:/ti/c2000/C2000Ware_6_00_00_00/driverlib/f2837xd/driverlib" --include_path="C:/ti/c2000/C2000Ware_6_00_00_00/driverlib/f2837xd/driverlib/inc" --include_path="C:/ti/ccs1281/ccs/tools/compiler/ti-cgt-c2000_22.6.1.LTS/include" --advice:performance=all --define=CPU1 -g --diag_warning=225 --diag_wrap=off --display_error_number --abi=coffabi --preproc_with_compile --preproc_dependency="device.d_raw"  "../device.c"
Finished building: "../device.c"
 
Building file: "../main.c"
Invoking: C2000 Compiler
"C:/ti/ccs1281/ccs/tools/compiler/ti-cgt-c2000_22.6.1.LTS/bin/cl2000" -v28 -ml -mt --cla_support=cla1 --float_support=fpu32 --tmu_support=tmu0 --vcu_support=vcu2 --include_path="D:/SEM-5/Open_Laboratory_1/CCS_Codes/Open_lab" --include_path="C:/ti/c2000/C2000Ware_6_00_00_00/device_support/f2837xd/common/include" --include_path="C:/ti/c2000/C2000Ware_6_00_00_00/device_support/f2837xd/headers/include" --include_path="C:/ti/c2000/C2000Ware_6_00_00_00/driverlib/f2837xd/driverlib" --include_path="C:/ti/c2000/C2000Ware_6_00_00_00/driverlib/f2837xd/driverlib/inc" --include_path="C:/ti/ccs1281/ccs/tools/compiler/ti-cgt-c2000_22.6.1.LTS/include" --advice:performance=all --define=CPU1 -g --diag_warning=225 --diag_wrap=off --display_error_number --abi=coffabi --preproc_with_compile --preproc_dependency="main.d_raw"  "../main.c"
Finished building: "../main.c"
 
Building target: "Open_lab.out"
Invoking: C2000 Linker
"C:/ti/ccs1281/ccs/tools/compiler/ti-cgt-c2000_22.6.1.LTS/bin/cl2000" -v28 -ml -mt --cla_support=cla1 --float_support=fpu32 --tmu_support=tmu0 --vcu_support=vcu2 --advice:performance=all --define=CPU1 -g --diag_warning=225 --diag_wrap=off --display_error_number --abi=coffabi -z -m"Open_lab.map" --stack_size=0x200 --warn_sections -i"C:/ti/ccs1281/ccs/tools/compiler/ti-cgt-c2000_22.6.1.LTS/lib" -i"C:/ti/c2000/C2000Ware_6_00_00_00/device_support/f2837xd/common/cmd" -i"C:/ti/c2000/C2000Ware_6_00_00_00/device_support/f2837xd/headers/cmd" -i"C:/ti/ccs1281/ccs/tools/compiler/ti-cgt-c2000_22.6.1.LTS/include" --reread_libs --diag_wrap=off --display_error_number --xml_link_info="Open_lab_linkInfo.xml" --rom_model -o "Open_lab.out" "./F2837xD_CodeStartBranch.obj" "./F2837xD_GlobalVariableDefs.obj" "./F2837xD_Gpio.obj" "./F2837xD_Ipc.obj" "./F2837xD_SysCtrl.obj" "./F2837xD_usDelay.obj" "./device.obj" "./main.obj" "../2837x_FLASH_lnk_cpu1.cmd"  -l"C:/ti/c2000/C2000Ware_6_00_00_00/driverlib/f2837xd/driverlib/ccs/Debug/driverlib_coff.lib" -llibc.a -l"C:/ti/c2000/C2000Ware_6_00_00_00/device_support/f2837xd/headers/cmd/F2837xD_Headers_nonBIOS_cpu1.cmd" 
<Linking>
Finished building target: "Open_lab.out"
 

**** Build Finished ****

**** Build of configuration Debug for project Open_lab ****

"C:\\ti\\ccs1281\\ccs\\utils\\bin\\gmake" -k -j 16 all -O 
 
gmake[1]: 'Open_lab.out' is up to date.

**** Build Finished ****

**** Build of configuration Debug for project Open_lab ****

"C:\\ti\\ccs1281\\ccs\\utils\\bin\\gmake" -k -j 16 all -O 
 
Building file: "C:/ti/c2000/C2000Ware_6_00_00_00/device_support/f2837xd/common/source/F2837xD_CodeStartBranch.asm"
Invoking: C2000 Compiler
"C:/ti/ccs1281/ccs/tools/compiler/ti-cgt-c2000_22.6.1.LTS/bin/cl2000" -v28 -ml -mt --cla_support=cla1 --float_support=fpu32 --tmu_support=tmu0 --vcu_support=vcu2 --include_path="D:/SEM-5/Open_Laboratory_1/CCS_Codes/Open_lab" --include_path="C:/ti/c2000/C2000Ware_6_00_00_00/device_support/f2837xd/common/include" --include_path="C:/ti/c2000/C2000Ware_6_00_00_00/device_support/f2837xd/headers/include" --include_path="C:/ti/c2000/C2000Ware_6_00_00_00/driverlib/f2837xd/driverlib" --include_path="C:/ti/c2000/C2000Ware_6_00_00_00/driverlib/f2837xd/driverlib/inc" --include_path="C:/ti/ccs1281/ccs/tools/compiler/ti-cgt-c2000_22.6.1.LTS/include" --advice:performance=all --define=CPU1 -g --diag_warning=225 --diag_wrap=off --display_error_number --abi=coffabi --preproc_with_compile --preproc_dependency="F2837xD_CodeStartBranch.d_raw"  "C:/ti/c2000/C2000Ware_6_00_00_00/device_support/f2837xd/common/source/F2837xD_CodeStartBranch.asm"
Finished building: "C:/ti/c2000/C2000Ware_6_00_00_00/device_support/f2837xd/common/source/F2837xD_CodeStartBranch.asm"
 
Building file: "C:/ti/c2000/C2000Ware_6_00_00_00/device_support/f2837xd/common/source/F2837xD_usDelay.asm"
Invoking: C2000 Compiler
"C:/ti/ccs1281/ccs/tools/compiler/ti-cgt-c2000_22.6.1.LTS/bin/cl2000" -v28 -ml -mt --cla_support=cla1 --float_support=fpu32 --tmu_support=tmu0 --vcu_support=vcu2 --include_path="D:/SEM-5/Open_Laboratory_1/CCS_Codes/Open_lab" --include_path="C:/ti/c2000/C2000Ware_6_00_00_00/device_support/f2837xd/common/include" --include_path="C:/ti/c2000/C2000Ware_6_00_00_00/device_support/f2837xd/headers/include" --include_path="C:/ti/c2000/C2000Ware_6_00_00_00/driverlib/f2837xd/driverlib" --include_path="C:/ti/c2000/C2000Ware_6_00_00_00/driverlib/f2837xd/driverlib/inc" --include_path="C:/ti/ccs1281/ccs/tools/compiler/ti-cgt-c2000_22.6.1.LTS/include" --advice:performance=all --define=CPU1 -g --diag_warning=225 --diag_wrap=off --display_error_number --abi=coffabi --preproc_with_compile --preproc_dependency="F2837xD_usDelay.d_raw"  "C:/ti/c2000/C2000Ware_6_00_00_00/device_support/f2837xd/common/source/F2837xD_usDelay.asm"
Finished building: "C:/ti/c2000/C2000Ware_6_00_00_00/device_support/f2837xd/common/source/F2837xD_usDelay.asm"
 
Building file: "C:/ti/c2000/C2000Ware_6_00_00_00/device_support/f2837xd/common/source/F2837xD_Ipc.c"
Invoking: C2000 Compiler
"C:/ti/ccs1281/ccs/tools/compiler/ti-cgt-c2000_22.6.1.LTS/bin/cl2000" -v28 -ml -mt --cla_support=cla1 --float_support=fpu32 --tmu_support=tmu0 --vcu_support=vcu2 --include_path="D:/SEM-5/Open_Laboratory_1/CCS_Codes/Open_lab" --include_path="C:/ti/c2000/C2000Ware_6_00_00_00/device_support/f2837xd/common/include" --include_path="C:/ti/c2000/C2000Ware_6_00_00_00/device_support/f2837xd/headers/include" --include_path="C:/ti/c2000/C2000Ware_6_00_00_00/driverlib/f2837xd/driverlib" --include_path="C:/ti/c2000/C2000Ware_6_00_00_00/driverlib/f2837xd/driverlib/inc" --include_path="C:/ti/ccs1281/ccs/tools/compiler/ti-cgt-c2000_22.6.1.LTS/include" --advice:performance=all --define=CPU1 -g --diag_warning=225 --diag_wrap=off --display_error_number --abi=coffabi --preproc_with_compile --preproc_dependency="F2837xD_Ipc.d_raw"  "C:/ti/c2000/C2000Ware_6_00_00_00/device_support/f2837xd/common/source/F2837xD_Ipc.c"
Finished building: "C:/ti/c2000/C2000Ware_6_00_00_00/device_support/f2837xd/common/source/F2837xD_Ipc.c"
 
Building file: "../device.c"
Invoking: C2000 Compiler
"C:/ti/ccs1281/ccs/tools/compiler/ti-cgt-c2000_22.6.1.LTS/bin/cl2000" -v28 -ml -mt --cla_support=cla1 --float_support=fpu32 --tmu_support=tmu0 --vcu_support=vcu2 --include_path="D:/SEM-5/Open_Laboratory_1/CCS_Codes/Open_lab" --include_path="C:/ti/c2000/C2000Ware_6_00_00_00/device_support/f2837xd/common/include" --include_path="C:/ti/c2000/C2000Ware_6_00_00_00/device_support/f2837xd/headers/include" --include_path="C:/ti/c2000/C2000Ware_6_00_00_00/driverlib/f2837xd/driverlib" --include_path="C:/ti/c2000/C2000Ware_6_00_00_00/driverlib/f2837xd/driverlib/inc" --include_path="C:/ti/ccs1281/ccs/tools/compiler/ti-cgt-c2000_22.6.1.LTS/include" --advice:performance=all --define=CPU1 -g --diag_warning=225 --diag_wrap=off --display_error_number --abi=coffabi --preproc_with_compile --preproc_dependency="device.d_raw"  "../device.c"
Finished building: "../device.c"
 
Building file: "../main.c"
Invoking: C2000 Compiler
"C:/ti/ccs1281/ccs/tools/compiler/ti-cgt-c2000_22.6.1.LTS/bin/cl2000" -v28 -ml -mt --cla_support=cla1 --float_support=fpu32 --tmu_support=tmu0 --vcu_support=vcu2 --include_path="D:/SEM-5/Open_Laboratory_1/CCS_Codes/Open_lab" --include_path="C:/ti/c2000/C2000Ware_6_00_00_00/device_support/f2837xd/common/include" --include_path="C:/ti/c2000/C2000Ware_6_00_00_00/device_support/f2837xd/headers/include" --include_path="C:/ti/c2000/C2000Ware_6_00_00_00/driverlib/f2837xd/driverlib" --include_path="C:/ti/c2000/C2000Ware_6_00_00_00/driverlib/f2837xd/driverlib/inc" --include_path="C:/ti/ccs1281/ccs/tools/compiler/ti-cgt-c2000_22.6.1.LTS/include" --advice:performance=all --define=CPU1 -g --diag_warning=225 --diag_wrap=off --display_error_number --abi=coffabi --preproc_with_compile --preproc_dependency="main.d_raw"  "../main.c"
Finished building: "../main.c"
 
Building file: "C:/ti/c2000/C2000Ware_6_00_00_00/device_support/f2837xd/common/source/F2837xD_SysCtrl.c"
Invoking: C2000 Compiler
"C:/ti/ccs1281/ccs/tools/compiler/ti-cgt-c2000_22.6.1.LTS/bin/cl2000" -v28 -ml -mt --cla_support=cla1 --float_support=fpu32 --tmu_support=tmu0 --vcu_support=vcu2 --include_path="D:/SEM-5/Open_Laboratory_1/CCS_Codes/Open_lab" --include_path="C:/ti/c2000/C2000Ware_6_00_00_00/device_support/f2837xd/common/include" --include_path="C:/ti/c2000/C2000Ware_6_00_00_00/device_support/f2837xd/headers/include" --include_path="C:/ti/c2000/C2000Ware_6_00_00_00/driverlib/f2837xd/driverlib" --include_path="C:/ti/c2000/C2000Ware_6_00_00_00/driverlib/f2837xd/driverlib/inc" --include_path="C:/ti/ccs1281/ccs/tools/compiler/ti-cgt-c2000_22.6.1.LTS/include" --advice:performance=all --define=CPU1 -g --diag_warning=225 --diag_wrap=off --display_error_number --abi=coffabi --preproc_with_compile --preproc_dependency="F2837xD_SysCtrl.d_raw"  "C:/ti/c2000/C2000Ware_6_00_00_00/device_support/f2837xd/common/source/F2837xD_SysCtrl.c"
"C:/ti/c2000/C2000Ware_6_00_00_00/device_support/f2837xd/common/source/F2837xD_SysCtrl.c", line 837 (col. 47): advice #2614-D: (Performance) Use --fp_mode=relaxed to enable TMU hardware support for FP division.
Finished building: "C:/ti/c2000/C2000Ware_6_00_00_00/device_support/f2837xd/common/source/F2837xD_SysCtrl.c"
 
Building file: "C:/ti/c2000/C2000Ware_6_00_00_00/device_support/f2837xd/common/source/F2837xD_Gpio.c"
Invoking: C2000 Compiler
"C:/ti/ccs1281/ccs/tools/compiler/ti-cgt-c2000_22.6.1.LTS/bin/cl2000" -v28 -ml -mt --cla_support=cla1 --float_support=fpu32 --tmu_support=tmu0 --vcu_support=vcu2 --include_path="D:/SEM-5/Open_Laboratory_1/CCS_Codes/Open_lab" --include_path="C:/ti/c2000/C2000Ware_6_00_00_00/device_support/f2837xd/common/include" --include_path="C:/ti/c2000/C2000Ware_6_00_00_00/device_support/f2837xd/headers/include" --include_path="C:/ti/c2000/C2000Ware_6_00_00_00/driverlib/f2837xd/driverlib" --include_path="C:/ti/c2000/C2000Ware_6_00_00_00/driverlib/f2837xd/driverlib/inc" --include_path="C:/ti/ccs1281/ccs/tools/compiler/ti-cgt-c2000_22.6.1.LTS/include" --advice:performance=all --define=CPU1 -g --diag_warning=225 --diag_wrap=off --display_error_number --abi=coffabi --preproc_with_compile --preproc_dependency="F2837xD_Gpio.d_raw"  "C:/ti/c2000/C2000Ware_6_00_00_00/device_support/f2837xd/common/source/F2837xD_Gpio.c"
Finished building: "C:/ti/c2000/C2000Ware_6_00_00_00/device_support/f2837xd/common/source/F2837xD_Gpio.c"
 
Building file: "C:/ti/c2000/C2000Ware_6_00_00_00/device_support/f2837xd/headers/source/F2837xD_GlobalVariableDefs.c"
Invoking: C2000 Compiler
"C:/ti/ccs1281/ccs/tools/compiler/ti-cgt-c2000_22.6.1.LTS/bin/cl2000" -v28 -ml -mt --cla_support=cla1 --float_support=fpu32 --tmu_support=tmu0 --vcu_support=vcu2 --include_path="D:/SEM-5/Open_Laboratory_1/CCS_Codes/Open_lab" --include_path="C:/ti/c2000/C2000Ware_6_00_00_00/device_support/f2837xd/common/include" --include_path="C:/ti/c2000/C2000Ware_6_00_00_00/device_support/f2837xd/headers/include" --include_path="C:/ti/c2000/C2000Ware_6_00_00_00/driverlib/f2837xd/driverlib" --include_path="C:/ti/c2000/C2000Ware_6_00_00_00/driverlib/f2837xd/driverlib/inc" --include_path="C:/ti/ccs1281/ccs/tools/compiler/ti-cgt-c2000_22.6.1.LTS/include" --advice:performance=all --define=CPU1 -g --diag_warning=225 --diag_wrap=off --display_error_number --abi=coffabi --preproc_with_compile --preproc_dependency="F2837xD_GlobalVariableDefs.d_raw"  "C:/ti/c2000/C2000Ware_6_00_00_00/device_support/f2837xd/headers/source/F2837xD_GlobalVariableDefs.c"
Finished building: "C:/ti/c2000/C2000Ware_6_00_00_00/device_support/f2837xd/headers/source/F2837xD_GlobalVariableDefs.c"
 
Building target: "Open_lab.out"
Invoking: C2000 Linker
"C:/ti/ccs1281/ccs/tools/compiler/ti-cgt-c2000_22.6.1.LTS/bin/cl2000" -v28 -ml -mt --cla_support=cla1 --float_support=fpu32 --tmu_support=tmu0 --vcu_support=vcu2 --advice:performance=all --define=CPU1 -g --diag_warning=225 --diag_wrap=off --display_error_number --abi=coffabi -z -m"Open_lab.map" --stack_size=0x200 --warn_sections -i"C:/ti/ccs1281/ccs/tools/compiler/ti-cgt-c2000_22.6.1.LTS/lib" -i"C:/ti/c2000/C2000Ware_6_00_00_00/device_support/f2837xd/common/cmd" -i"C:/ti/c2000/C2000Ware_6_00_00_00/device_support/f2837xd/headers/cmd" -i"C:/ti/ccs1281/ccs/tools/compiler/ti-cgt-c2000_22.6.1.LTS/include" --reread_libs --diag_wrap=off --display_error_number --xml_link_info="Open_lab_linkInfo.xml" --rom_model -o "Open_lab.out" "./F2837xD_CodeStartBranch.obj" "./F2837xD_GlobalVariableDefs.obj" "./F2837xD_Gpio.obj" "./F2837xD_Ipc.obj" "./F2837xD_SysCtrl.obj" "./F2837xD_usDelay.obj" "./device.obj" "./main.obj" "../2837x_FLASH_lnk_cpu1.cmd"  -l"C:/ti/c2000/C2000Ware_6_00_00_00/driverlib/f2837xd/driverlib/ccs/Debug/driverlib_coff.lib" -llibc.a -l"C:/ti/c2000/C2000Ware_6_00_00_00/device_support/f2837xd/headers/cmd/F2837xD_Headers_nonBIOS_cpu1.cmd" 
<Linking>
Finished building target: "Open_lab.out"
 

**** Build Finished ****

**** Build of configuration Debug for project Open_lab ****

"C:\\ti\\ccs1281\\ccs\\utils\\bin\\gmake" -k -j 16 all -O 
 
gmake[1]: 'Open_lab.out' is up to date.

**** Build Finished ****

**** Build of configuration Debug for project Open_lab ****

"C:\\ti\\ccs1281\\ccs\\utils\\bin\\gmake" -k -j 16 all -O 
 
Building file: "../main.c"
Invoking: C2000 Compiler
"C:/ti/ccs1281/ccs/tools/compiler/ti-cgt-c2000_22.6.1.LTS/bin/cl2000" -v28 -ml -mt --cla_support=cla1 --float_support=fpu32 --tmu_support=tmu0 --vcu_support=vcu2 --include_path="D:/SEM-5/Open_Laboratory_1/CCS_Codes/Open_lab" --include_path="C:/ti/c2000/C2000Ware_6_00_00_00/device_support/f2837xd/common/include" --include_path="C:/ti/c2000/C2000Ware_6_00_00_00/device_support/f2837xd/headers/include" --include_path="C:/ti/c2000/C2000Ware_6_00_00_00/driverlib/f2837xd/driverlib" --include_path="C:/ti/c2000/C2000Ware_6_00_00_00/driverlib/f2837xd/driverlib/inc" --include_path="C:/ti/ccs1281/ccs/tools/compiler/ti-cgt-c2000_22.6.1.LTS/include" --advice:performance=all --define=CPU1 -g --diag_warning=225 --diag_wrap=off --display_error_number --abi=coffabi --preproc_with_compile --preproc_dependency="main.d_raw"  "../main.c"
 
>> Compilation failure
subdir_rules.mk:51: recipe for target 'main.obj' failed
"../main.c", line 17: error #29: expected an expression
"../main.c", line 17: error #20: identifier "i" is undefined
"../main.c", line 23: error #29: expected an expression
3 errors detected in the compilation of "../main.c".
gmake: *** [main.obj] Error 1
gmake: Target 'all' not remade because of errors.

**** Build Finished ****

**** Build of configuration Debug for project Open_lab ****

"C:\\ti\\ccs1281\\ccs\\utils\\bin\\gmake" -k -j 16 all -O 
 
Building file: "../main.c"
Invoking: C2000 Compiler
"C:/ti/ccs1281/ccs/tools/compiler/ti-cgt-c2000_22.6.1.LTS/bin/cl2000" -v28 -ml -mt --cla_support=cla1 --float_support=fpu32 --tmu_support=tmu0 --vcu_support=vcu2 --include_path="D:/SEM-5/Open_Laboratory_1/CCS_Codes/Open_lab" --include_path="C:/ti/c2000/C2000Ware_6_00_00_00/device_support/f2837xd/common/include" --include_path="C:/ti/c2000/C2000Ware_6_00_00_00/device_support/f2837xd/headers/include" --include_path="C:/ti/c2000/C2000Ware_6_00_00_00/driverlib/f2837xd/driverlib" --include_path="C:/ti/c2000/C2000Ware_6_00_00_00/driverlib/f2837xd/driverlib/inc" --include_path="C:/ti/ccs1281/ccs/tools/compiler/ti-cgt-c2000_22.6.1.LTS/include" --advice:performance=all --define=CPU1 -g --diag_warning=225 --diag_wrap=off --display_error_number --abi=coffabi --preproc_with_compile --preproc_dependency="main.d_raw"  "../main.c"
Finished building: "../main.c"
 
Building target: "Open_lab.out"
Invoking: C2000 Linker
"C:/ti/ccs1281/ccs/tools/compiler/ti-cgt-c2000_22.6.1.LTS/bin/cl2000" -v28 -ml -mt --cla_support=cla1 --float_support=fpu32 --tmu_support=tmu0 --vcu_support=vcu2 --advice:performance=all --define=CPU1 -g --diag_warning=225 --diag_wrap=off --display_error_number --abi=coffabi -z -m"Open_lab.map" --stack_size=0x200 --warn_sections -i"C:/ti/ccs1281/ccs/tools/compiler/ti-cgt-c2000_22.6.1.LTS/lib" -i"C:/ti/c2000/C2000Ware_6_00_00_00/device_support/f2837xd/common/cmd" -i"C:/ti/c2000/C2000Ware_6_00_00_00/device_support/f2837xd/headers/cmd" -i"C:/ti/ccs1281/ccs/tools/compiler/ti-cgt-c2000_22.6.1.LTS/include" --reread_libs --diag_wrap=off --display_error_number --xml_link_info="Open_lab_linkInfo.xml" --rom_model -o "Open_lab.out" "./F2837xD_CodeStartBranch.obj" "./F2837xD_GlobalVariableDefs.obj" "./F2837xD_Gpio.obj" "./F2837xD_Ipc.obj" "./F2837xD_SysCtrl.obj" "./F2837xD_usDelay.obj" "./device.obj" "./main.obj" "../2837x_FLASH_lnk_cpu1.cmd"  -l"C:/ti/c2000/C2000Ware_6_00_00_00/driverlib/f2837xd/driverlib/ccs/Debug/driverlib_coff.lib" -llibc.a -l"C:/ti/c2000/C2000Ware_6_00_00_00/device_support/f2837xd/headers/cmd/F2837xD_Headers_nonBIOS_cpu1.cmd" 
<Linking>
Finished building target: "Open_lab.out"
 

**** Build Finished ****

**** Build of configuration Debug for project Open_lab ****

"C:\\ti\\ccs1281\\ccs\\utils\\bin\\gmake" -k -j 16 all -O 
 
Building file: "../main.c"
Invoking: C2000 Compiler
"C:/ti/ccs1281/ccs/tools/compiler/ti-cgt-c2000_22.6.1.LTS/bin/cl2000" -v28 -ml -mt --cla_support=cla1 --float_support=fpu32 --tmu_support=tmu0 --vcu_support=vcu2 --include_path="D:/SEM-5/Open_Laboratory_1/CCS_Codes/Open_lab" --include_path="C:/ti/c2000/C2000Ware_6_00_00_00/device_support/f2837xd/common/include" --include_path="C:/ti/c2000/C2000Ware_6_00_00_00/device_support/f2837xd/headers/include" --include_path="C:/ti/c2000/C2000Ware_6_00_00_00/driverlib/f2837xd/driverlib" --include_path="C:/ti/c2000/C2000Ware_6_00_00_00/driverlib/f2837xd/driverlib/inc" --include_path="C:/ti/ccs1281/ccs/tools/compiler/ti-cgt-c2000_22.6.1.LTS/include" --advice:performance=all --define=CPU1 -g --diag_warning=225 --diag_wrap=off --display_error_number --abi=coffabi --preproc_with_compile --preproc_dependency="main.d_raw"  "../main.c"
Finished building: "../main.c"
 
Building target: "Open_lab.out"
Invoking: C2000 Linker
"C:/ti/ccs1281/ccs/tools/compiler/ti-cgt-c2000_22.6.1.LTS/bin/cl2000" -v28 -ml -mt --cla_support=cla1 --float_support=fpu32 --tmu_support=tmu0 --vcu_support=vcu2 --advice:performance=all --define=CPU1 -g --diag_warning=225 --diag_wrap=off --display_error_number --abi=coffabi -z -m"Open_lab.map" --stack_size=0x200 --warn_sections -i"C:/ti/ccs1281/ccs/tools/compiler/ti-cgt-c2000_22.6.1.LTS/lib" -i"C:/ti/c2000/C2000Ware_6_00_00_00/device_support/f2837xd/common/cmd" -i"C:/ti/c2000/C2000Ware_6_00_00_00/device_support/f2837xd/headers/cmd" -i"C:/ti/ccs1281/ccs/tools/compiler/ti-cgt-c2000_22.6.1.LTS/include" --reread_libs --diag_wrap=off --display_error_number --xml_link_info="Open_lab_linkInfo.xml" --rom_model -o "Open_lab.out" "./F2837xD_CodeStartBranch.obj" "./F2837xD_GlobalVariableDefs.obj" "./F2837xD_Gpio.obj" "./F2837xD_Ipc.obj" "./F2837xD_SysCtrl.obj" "./F2837xD_usDelay.obj" "./device.obj" "./main.obj" "../2837x_FLASH_lnk_cpu1.cmd"  -l"C:/ti/c2000/C2000Ware_6_00_00_00/driverlib/f2837xd/driverlib/ccs/Debug/driverlib_coff.lib" -llibc.a -l"C:/ti/c2000/C2000Ware_6_00_00_00/device_support/f2837xd/headers/cmd/F2837xD_Headers_nonBIOS_cpu1.cmd" 
<Linking>
Finished building target: "Open_lab.out"
 

**** Build Finished ****

**** Build of configuration Debug for project Open_lab ****

"C:\\ti\\ccs1281\\ccs\\utils\\bin\\gmake" -k -j 16 all -O 
 
gmake[1]: 'Open_lab.out' is up to date.

**** Build Finished ****

**** Build of configuration Debug for project Open_lab ****

"C:\\ti\\ccs1281\\ccs\\utils\\bin\\gmake" -k -j 16 all -O 
 
gmake[1]: 'Open_lab.out' is up to date.

**** Build Finished ****

**** Build of configuration Debug for project Open_lab ****

"C:\\ti\\ccs1281\\ccs\\utils\\bin\\gmake" -k -j 16 all -O 
 
gmake[1]: 'Open_lab.out' is up to date.

**** Build Finished ****

**** Build of configuration Debug for project Open_lab ****

"C:\\ti\\ccs1281\\ccs\\utils\\bin\\gmake" -k -j 16 all -O 
 
gmake[1]: 'Open_lab.out' is up to date.

**** Build Finished ****

**** Build of configuration Debug for project Open_lab ****

"C:\\ti\\ccs1281\\ccs\\utils\\bin\\gmake" -k -j 16 all -O 
 
gmake[1]: 'Open_lab.out' is up to date.

**** Build Finished ****

**** Build of configuration Debug for project Open_lab ****

"C:\\ti\\ccs1281\\ccs\\utils\\bin\\gmake" -k -j 16 all -O 
 
Building file: "../device.c"
Invoking: C2000 Compiler
"C:/ti/ccs1281/ccs/tools/compiler/ti-cgt-c2000_22.6.1.LTS/bin/cl2000" -v28 -ml -mt --cla_support=cla1 --float_support=fpu32 --tmu_support=tmu0 --vcu_support=vcu2 --include_path="D:/SEM-5/Open_Laboratory_1/CCS_Codes/Open_lab" --include_path="C:/ti/c2000/C2000Ware_6_00_00_00/device_support/f2837xd/common/include" --include_path="C:/ti/c2000/C2000Ware_6_00_00_00/device_support/f2837xd/headers/include" --include_path="C:/ti/c2000/C2000Ware_6_00_00_00/driverlib/f2837xd/driverlib" --include_path="C:/ti/c2000/C2000Ware_6_00_00_00/driverlib/f2837xd/driverlib/inc" --include_path="C:/ti/ccs1281/ccs/tools/compiler/ti-cgt-c2000_22.6.1.LTS/include" --advice:performance=all --define=CPU1 -g --diag_warning=225 --diag_wrap=off --display_error_number --abi=coffabi --preproc_with_compile --preproc_dependency="device.d_raw"  "../device.c"
 
>> Compilation failure
subdir_rules.mk:51: recipe for target 'device.obj' failed
"..\device.h", line 2: fatal error #3: #include file "..\device.h" includes itself
1 catastrophic error detected in the compilation of "../device.c".
Compilation terminated.
gmake: *** [device.obj] Error 1
Building file: "../main.c"
Invoking: C2000 Compiler
"C:/ti/ccs1281/ccs/tools/compiler/ti-cgt-c2000_22.6.1.LTS/bin/cl2000" -v28 -ml -mt --cla_support=cla1 --float_support=fpu32 --tmu_support=tmu0 --vcu_support=vcu2 --include_path="D:/SEM-5/Open_Laboratory_1/CCS_Codes/Open_lab" --include_path="C:/ti/c2000/C2000Ware_6_00_00_00/device_support/f2837xd/common/include" --include_path="C:/ti/c2000/C2000Ware_6_00_00_00/device_support/f2837xd/headers/include" --include_path="C:/ti/c2000/C2000Ware_6_00_00_00/driverlib/f2837xd/driverlib" --include_path="C:/ti/c2000/C2000Ware_6_00_00_00/driverlib/f2837xd/driverlib/inc" --include_path="C:/ti/ccs1281/ccs/tools/compiler/ti-cgt-c2000_22.6.1.LTS/include" --advice:performance=all --define=CPU1 -g --diag_warning=225 --diag_wrap=off --display_error_number --abi=coffabi --preproc_with_compile --preproc_dependency="main.d_raw"  "../main.c"
 
>> Compilation failure
subdir_rules.mk:51: recipe for target 'main.obj' failed
"..\device.h", line 2: fatal error #3: #include file "..\device.h" includes itself
1 catastrophic error detected in the compilation of "../main.c".
Compilation terminated.
gmake: *** [main.obj] Error 1
gmake: Target 'all' not remade because of errors.

**** Build Finished ****

**** Build of configuration Debug for project Open_lab ****

"C:\\ti\\ccs1281\\ccs\\utils\\bin\\gmake" -k -j 16 all -O 
 
Building file: "../device.c"
Invoking: C2000 Compiler
"C:/ti/ccs1281/ccs/tools/compiler/ti-cgt-c2000_22.6.1.LTS/bin/cl2000" -v28 -ml -mt --cla_support=cla1 --float_support=fpu32 --tmu_support=tmu0 --vcu_support=vcu2 --include_path="D:/SEM-5/Open_Laboratory_1/CCS_Codes/Open_lab" --include_path="C:/ti/c2000/C2000Ware_6_00_00_00/device_support/f2837xd/common/include" --include_path="C:/ti/c2000/C2000Ware_6_00_00_00/device_support/f2837xd/headers/include" --include_path="C:/ti/c2000/C2000Ware_6_00_00_00/driverlib/f2837xd/driverlib" --include_path="C:/ti/c2000/C2000Ware_6_00_00_00/driverlib/f2837xd/driverlib/inc" --include_path="C:/ti/ccs1281/ccs/tools/compiler/ti-cgt-c2000_22.6.1.LTS/include" --advice:performance=all --define=CPU1 -g --diag_warning=225 --diag_wrap=off --display_error_number --abi=coffabi --preproc_with_compile --preproc_dependency="device.d_raw"  "../device.c"
 
>> Compilation failure
subdir_rules.mk:51: recipe for target 'device.obj' failed
"..\device.h", line 2: fatal error #3: #include file "..\device.h" includes itself
1 catastrophic error detected in the compilation of "../device.c".
Compilation terminated.
gmake: *** [device.obj] Error 1
Building file: "../main.c"
Invoking: C2000 Compiler
"C:/ti/ccs1281/ccs/tools/compiler/ti-cgt-c2000_22.6.1.LTS/bin/cl2000" -v28 -ml -mt --cla_support=cla1 --float_support=fpu32 --tmu_support=tmu0 --vcu_support=vcu2 --include_path="D:/SEM-5/Open_Laboratory_1/CCS_Codes/Open_lab" --include_path="C:/ti/c2000/C2000Ware_6_00_00_00/device_support/f2837xd/common/include" --include_path="C:/ti/c2000/C2000Ware_6_00_00_00/device_support/f2837xd/headers/include" --include_path="C:/ti/c2000/C2000Ware_6_00_00_00/driverlib/f2837xd/driverlib" --include_path="C:/ti/c2000/C2000Ware_6_00_00_00/driverlib/f2837xd/driverlib/inc" --include_path="C:/ti/ccs1281/ccs/tools/compiler/ti-cgt-c2000_22.6.1.LTS/include" --advice:performance=all --define=CPU1 -g --diag_warning=225 --diag_wrap=off --display_error_number --abi=coffabi --preproc_with_compile --preproc_dependency="main.d_raw"  "../main.c"
 
>> Compilation failure
subdir_rules.mk:51: recipe for target 'main.obj' failed
"..\device.h", line 2: fatal error #3: #include file "..\device.h" includes itself
1 catastrophic error detected in the compilation of "../main.c".
Compilation terminated.
gmake: *** [main.obj] Error 1
gmake: Target 'all' not remade because of errors.

**** Build Finished ****

**** Build of configuration Debug for project Open_lab ****

"C:\\ti\\ccs1281\\ccs\\utils\\bin\\gmake" -k -j 16 all -O 
 
Building file: "../device.c"
Invoking: C2000 Compiler
"C:/ti/ccs1281/ccs/tools/compiler/ti-cgt-c2000_22.6.1.LTS/bin/cl2000" -v28 -ml -mt --cla_support=cla1 --float_support=fpu32 --tmu_support=tmu0 --vcu_support=vcu2 --include_path="D:/SEM-5/Open_Laboratory_1/CCS_Codes/Open_lab" --include_path="C:/ti/c2000/C2000Ware_6_00_00_00/device_support/f2837xd/common/include" --include_path="C:/ti/c2000/C2000Ware_6_00_00_00/device_support/f2837xd/headers/include" --include_path="C:/ti/c2000/C2000Ware_6_00_00_00/driverlib/f2837xd/driverlib" --include_path="C:/ti/c2000/C2000Ware_6_00_00_00/driverlib/f2837xd/driverlib/inc" --include_path="C:/ti/ccs1281/ccs/tools/compiler/ti-cgt-c2000_22.6.1.LTS/include" --advice:performance=all --define=CPU1 -g --diag_warning=225 --diag_wrap=off --display_error_number --abi=coffabi --preproc_with_compile --preproc_dependency="device.d_raw"  "../device.c"
Finished building: "../device.c"
 
Building file: "../main.c"
Invoking: C2000 Compiler
"C:/ti/ccs1281/ccs/tools/compiler/ti-cgt-c2000_22.6.1.LTS/bin/cl2000" -v28 -ml -mt --cla_support=cla1 --float_support=fpu32 --tmu_support=tmu0 --vcu_support=vcu2 --include_path="D:/SEM-5/Open_Laboratory_1/CCS_Codes/Open_lab" --include_path="C:/ti/c2000/C2000Ware_6_00_00_00/device_support/f2837xd/common/include" --include_path="C:/ti/c2000/C2000Ware_6_00_00_00/device_support/f2837xd/headers/include" --include_path="C:/ti/c2000/C2000Ware_6_00_00_00/driverlib/f2837xd/driverlib" --include_path="C:/ti/c2000/C2000Ware_6_00_00_00/driverlib/f2837xd/driverlib/inc" --include_path="C:/ti/ccs1281/ccs/tools/compiler/ti-cgt-c2000_22.6.1.LTS/include" --advice:performance=all --define=CPU1 -g --diag_warning=225 --diag_wrap=off --display_error_number --abi=coffabi --preproc_with_compile --preproc_dependency="main.d_raw"  "../main.c"
"../main.c", line 14: warning #225-D: function "DEVICE_DELAY_US" declared implicitly
Finished building: "../main.c"
 
Building target: "Open_lab.out"
Invoking: C2000 Linker
"C:/ti/ccs1281/ccs/tools/compiler/ti-cgt-c2000_22.6.1.LTS/bin/cl2000" -v28 -ml -mt --cla_support=cla1 --float_support=fpu32 --tmu_support=tmu0 --vcu_support=vcu2 --advice:performance=all --define=CPU1 -g --diag_warning=225 --diag_wrap=off --display_error_number --abi=coffabi -z -m"Open_lab.map" --stack_size=0x200 --warn_sections -i"C:/ti/ccs1281/ccs/tools/compiler/ti-cgt-c2000_22.6.1.LTS/lib" -i"C:/ti/c2000/C2000Ware_6_00_00_00/device_support/f2837xd/common/cmd" -i"C:/ti/c2000/C2000Ware_6_00_00_00/device_support/f2837xd/headers/cmd" -i"C:/ti/ccs1281/ccs/tools/compiler/ti-cgt-c2000_22.6.1.LTS/include" --reread_libs --diag_wrap=off --display_error_number --xml_link_info="Open_lab_linkInfo.xml" --rom_model -o "Open_lab.out" "./F2837xD_CodeStartBranch.obj" "./F2837xD_GlobalVariableDefs.obj" "./F2837xD_Gpio.obj" "./F2837xD_Ipc.obj" "./F2837xD_SysCtrl.obj" "./F2837xD_usDelay.obj" "./device.obj" "./main.obj" "../2837x_FLASH_lnk_cpu1.cmd"  -l"C:/ti/c2000/C2000Ware_6_00_00_00/driverlib/f2837xd/driverlib/ccs/Debug/driverlib_coff.lib" -llibc.a -l"C:/ti/c2000/C2000Ware_6_00_00_00/device_support/f2837xd/headers/cmd/F2837xD_Headers_nonBIOS_cpu1.cmd" 
<Linking>
 
 undefined        first referenced
  symbol              in file     
 ---------        ----------------
 _DEVICE_DELAY_US ./main.obj      
 
error #10234-D: unresolved symbols remain
error #10010: errors encountered during linking; "Open_lab.out" not built
 
>> Compilation failure
makefile:144: recipe for target 'Open_lab.out' failed
gmake[1]: *** [Open_lab.out] Error 1
makefile:140: recipe for target 'all' failed
gmake: *** [all] Error 2

**** Build Finished ****

**** Build of configuration Debug for project blink_led ****

"C:\\ti\\ccs1281\\ccs\\utils\\bin\\gmake" -k -j 16 all -O 
 
Building file: "../main.c"
Invoking: C2000 Compiler
"C:/ti/ccs1281/ccs/tools/compiler/ti-cgt-c2000_22.6.1.LTS/bin/cl2000" -v28 -ml -mt --cla_support=cla1 --float_support=fpu32 --tmu_support=tmu0 --vcu_support=vcu2 --include_path="D:/SEM-5/Open_Laboratory_1/CCS_Codes/blink_led" --include_path="C:/ti/c2000/C2000Ware_6_00_00_00/driverlib/f2837xd/driverlib" --include_path="C:/ti/ccs1281/ccs/tools/compiler/ti-cgt-c2000_22.6.1.LTS/include" --advice:performance=all --define=_FLASH --define=CPU1 -g --diag_warning=225 --diag_wrap=off --display_error_number --abi=coffabi --preproc_with_compile --preproc_dependency="main.d_raw"  "../main.c"
 
>> Compilation failure
subdir_rules.mk:9: recipe for target 'main.obj' failed
"../main.c", line 1: fatal error #1965: cannot open source file "device.h"
1 catastrophic error detected in the compilation of "../main.c".
Compilation terminated.
gmake: *** [main.obj] Error 1
Building file: "../device/F2837xD_CodeStartBranch.asm"
Invoking: C2000 Compiler
"C:/ti/ccs1281/ccs/tools/compiler/ti-cgt-c2000_22.6.1.LTS/bin/cl2000" -v28 -ml -mt --cla_support=cla1 --float_support=fpu32 --tmu_support=tmu0 --vcu_support=vcu2 --include_path="D:/SEM-5/Open_Laboratory_1/CCS_Codes/blink_led" --include_path="C:/ti/c2000/C2000Ware_6_00_00_00/driverlib/f2837xd/driverlib" --include_path="C:/ti/ccs1281/ccs/tools/compiler/ti-cgt-c2000_22.6.1.LTS/include" --advice:performance=all --define=_FLASH --define=CPU1 -g --diag_warning=225 --diag_wrap=off --display_error_number --abi=coffabi --preproc_with_compile --preproc_dependency="device/F2837xD_CodeStartBranch.d_raw" --obj_directory="device"  "../device/F2837xD_CodeStartBranch.asm"
Finished building: "../device/F2837xD_CodeStartBranch.asm"
 
Building file: "../device/device.c"
Invoking: C2000 Compiler
"C:/ti/ccs1281/ccs/tools/compiler/ti-cgt-c2000_22.6.1.LTS/bin/cl2000" -v28 -ml -mt --cla_support=cla1 --float_support=fpu32 --tmu_support=tmu0 --vcu_support=vcu2 --include_path="D:/SEM-5/Open_Laboratory_1/CCS_Codes/blink_led" --include_path="C:/ti/c2000/C2000Ware_6_00_00_00/driverlib/f2837xd/driverlib" --include_path="C:/ti/ccs1281/ccs/tools/compiler/ti-cgt-c2000_22.6.1.LTS/include" --advice:performance=all --define=_FLASH --define=CPU1 -g --diag_warning=225 --diag_wrap=off --display_error_number --abi=coffabi --preproc_with_compile --preproc_dependency="device/device.d_raw" --obj_directory="device"  "../device/device.c"
Finished building: "../device/device.c"
 
gmake: Target 'all' not remade because of errors.

**** Build Finished ****

**** Build of configuration Debug for project blink_led ****

"C:\\ti\\ccs1281\\ccs\\utils\\bin\\gmake" -k -j 16 all -O 
 
Building file: "../main.c"
Invoking: C2000 Compiler
"C:/ti/ccs1281/ccs/tools/compiler/ti-cgt-c2000_22.6.1.LTS/bin/cl2000" -v28 -ml -mt --cla_support=cla1 --float_support=fpu32 --tmu_support=tmu0 --vcu_support=vcu2 --include_path="D:/SEM-5/Open_Laboratory_1/CCS_Codes/blink_led" --include_path="C:/ti/c2000/C2000Ware_6_00_00_00/driverlib/f2837xd/driverlib" --include_path="C:/ti/ccs1281/ccs/tools/compiler/ti-cgt-c2000_22.6.1.LTS/include" --advice:performance=all --define=_FLASH --define=CPU1 -g --diag_warning=225 --diag_wrap=off --display_error_number --abi=coffabi --preproc_with_compile --preproc_dependency="main.d_raw"  "../main.c"
 
>> Compilation failure
subdir_rules.mk:9: recipe for target 'main.obj' failed
"../main.c", line 1: fatal error #1965: cannot open source file "./device.h"
1 catastrophic error detected in the compilation of "../main.c".
Compilation terminated.
gmake: *** [main.obj] Error 1
gmake: Target 'all' not remade because of errors.

**** Build Finished ****

**** Build of configuration Debug for project blink_led ****

"C:\\ti\\ccs1281\\ccs\\utils\\bin\\gmake" -k -j 16 all -O 
 
Building file: "../main.c"
Invoking: C2000 Compiler
"C:/ti/ccs1281/ccs/tools/compiler/ti-cgt-c2000_22.6.1.LTS/bin/cl2000" -v28 -ml -mt --cla_support=cla1 --float_support=fpu32 --tmu_support=tmu0 --vcu_support=vcu2 --include_path="D:/SEM-5/Open_Laboratory_1/CCS_Codes/blink_led" --include_path="C:/ti/c2000/C2000Ware_6_00_00_00/driverlib/f2837xd/driverlib" --include_path="C:/ti/ccs1281/ccs/tools/compiler/ti-cgt-c2000_22.6.1.LTS/include" --advice:performance=all --define=_FLASH --define=CPU1 -g --diag_warning=225 --diag_wrap=off --display_error_number --abi=coffabi --preproc_with_compile --preproc_dependency="main.d_raw"  "../main.c"
 
>> Compilation failure
subdir_rules.mk:9: recipe for target 'main.obj' failed
"../main.c", line 1: fatal error #1965: cannot open source file "./device.h"
1 catastrophic error detected in the compilation of "../main.c".
Compilation terminated.
gmake: *** [main.obj] Error 1
gmake: Target 'all' not remade because of errors.

**** Build Finished ****

**** Build of configuration Debug for project blink_led ****

"C:\\ti\\ccs1281\\ccs\\utils\\bin\\gmake" -k -j 16 all -O 
 
Building file: "../main.c"
Invoking: C2000 Compiler
"C:/ti/ccs1281/ccs/tools/compiler/ti-cgt-c2000_22.6.1.LTS/bin/cl2000" -v28 -ml -mt --cla_support=cla1 --float_support=fpu32 --tmu_support=tmu0 --vcu_support=vcu2 --include_path="D:/SEM-5/Open_Laboratory_1/CCS_Codes/blink_led" --include_path="C:/ti/c2000/C2000Ware_6_00_00_00/driverlib/f2837xd/driverlib" --include_path="C:/ti/ccs1281/ccs/tools/compiler/ti-cgt-c2000_22.6.1.LTS/include" --advice:performance=all --define=_FLASH --define=CPU1 -g --diag_warning=225 --diag_wrap=off --display_error_number --abi=coffabi --preproc_with_compile --preproc_dependency="main.d_raw"  "../main.c"
 
>> Compilation failure
subdir_rules.mk:9: recipe for target 'main.obj' failed
"../main.c", line 1: fatal error #1965: cannot open source file "./device.h"
1 catastrophic error detected in the compilation of "../main.c".
Compilation terminated.
gmake: *** [main.obj] Error 1
gmake: Target 'all' not remade because of errors.

**** Build Finished ****

**** Build of configuration Debug for project blink_led ****

"C:\\ti\\ccs1281\\ccs\\utils\\bin\\gmake" -k -j 16 all -O 
 
Building file: "../main.c"
Invoking: C2000 Compiler
"C:/ti/ccs1281/ccs/tools/compiler/ti-cgt-c2000_22.6.1.LTS/bin/cl2000" -v28 -ml -mt --cla_support=cla1 --float_support=fpu32 --tmu_support=tmu0 --vcu_support=vcu2 --include_path="D:/SEM-5/Open_Laboratory_1/CCS_Codes/blink_led" --include_path="C:/ti/c2000/C2000Ware_6_00_00_00/driverlib/f2837xd/driverlib" --include_path="C:/ti/ccs1281/ccs/tools/compiler/ti-cgt-c2000_22.6.1.LTS/include" --advice:performance=all --define=_FLASH --define=CPU1 -g --diag_warning=225 --diag_wrap=off --display_error_number --abi=coffabi --preproc_with_compile --preproc_dependency="main.d_raw"  "../main.c"
 
>> Compilation failure
subdir_rules.mk:9: recipe for target 'main.obj' failed
"../main.c", line 2: fatal error #1965: cannot open source file "driverlib.h"
1 catastrophic error detected in the compilation of "../main.c".
Compilation terminated.
gmake: *** [main.obj] Error 1
gmake: Target 'all' not remade because of errors.

**** Build Finished ****

**** Build of configuration Debug for project blink_led ****

"C:\\ti\\ccs1281\\ccs\\utils\\bin\\gmake" -k -j 16 all -O 
 
Building file: "../main.c"
Invoking: C2000 Compiler
"C:/ti/ccs1281/ccs/tools/compiler/ti-cgt-c2000_22.6.1.LTS/bin/cl2000" -v28 -ml -mt --cla_support=cla1 --float_support=fpu32 --tmu_support=tmu0 --vcu_support=vcu2 --include_path="D:/SEM-5/Open_Laboratory_1/CCS_Codes/blink_led" --include_path="C:/ti/c2000/C2000Ware_6_00_00_00/driverlib/f2837xd/driverlib" --include_path="C:/ti/ccs1281/ccs/tools/compiler/ti-cgt-c2000_22.6.1.LTS/include" --advice:performance=all --define=_FLASH --define=CPU1 -g --diag_warning=225 --diag_wrap=off --display_error_number --abi=coffabi --preproc_with_compile --preproc_dependency="main.d_raw"  "../main.c"
Finished building: "../main.c"
 
Building target: "blink_led.out"
Invoking: C2000 Linker
"C:/ti/ccs1281/ccs/tools/compiler/ti-cgt-c2000_22.6.1.LTS/bin/cl2000" -v28 -ml -mt --cla_support=cla1 --float_support=fpu32 --tmu_support=tmu0 --vcu_support=vcu2 --advice:performance=all --define=_FLASH --define=CPU1 -g --diag_warning=225 --diag_wrap=off --display_error_number --abi=coffabi -z -m"blink_led.map" --stack_size=0x200 --warn_sections -i"C:/ti/ccs1281/ccs/tools/compiler/ti-cgt-c2000_22.6.1.LTS/lib" -i"C:/ti/ccs1281/ccs/tools/compiler/ti-cgt-c2000_22.6.1.LTS/include" --reread_libs --diag_wrap=off --display_error_number --xml_link_info="blink_led_linkInfo.xml" --rom_model -o "blink_led.out" "./main.obj" "./device/F2837xD_CodeStartBranch.obj" "./device/device.obj" "../2837x_FLASH_lnk_cpu1.cmd" "C:/ti/c2000/C2000Ware_6_00_00_00/driverlib/f2837xd/driverlib/ccs/Debug/driverlib.lib"  -llibc.a 
<Linking>
Finished building target: "blink_led.out"
 

**** Build Finished ****

**** Build of configuration Debug for project blink_led ****

"C:\\ti\\ccs1281\\ccs\\utils\\bin\\gmake" -k -j 16 all -O 
 
gmake[1]: 'blink_led.out' is up to date.

**** Build Finished ****

**** Build of configuration Debug for project blink_led ****

"C:\\ti\\ccs1281\\ccs\\utils\\bin\\gmake" -k -j 16 all -O 
 
gmake[1]: 'blink_led.out' is up to date.

**** Build Finished ****

**** Build of configuration Debug for project blink_led ****

"C:\\ti\\ccs1281\\ccs\\utils\\bin\\gmake" -k -j 16 all -O 
 
gmake[1]: 'blink_led.out' is up to date.

**** Build Finished ****

**** Build of configuration Debug for project blink_led ****

"C:\\ti\\ccs1281\\ccs\\utils\\bin\\gmake" -k -j 16 all -O 
 
gmake[1]: 'blink_led.out' is up to date.

**** Build Finished ****

**** Build of configuration Debug for project blink_led ****

"C:\\ti\\ccs1281\\ccs\\utils\\bin\\gmake" -k -j 16 all -O 
 
gmake[1]: 'blink_led.out' is up to date.

**** Build Finished ****

**** Build of configuration Debug for project blink_led ****

"C:\\ti\\ccs1281\\ccs\\utils\\bin\\gmake" -k -j 16 all -O 
 
gmake[1]: 'blink_led.out' is up to date.

**** Build Finished ****

**** Build of configuration Debug for project blink_led ****

"C:\\ti\\ccs1281\\ccs\\utils\\bin\\gmake" -k -j 16 all -O 
 
gmake[1]: 'blink_led.out' is up to date.

**** Build Finished ****

**** Build of configuration Debug for project blink_led ****

"C:\\ti\\ccs1281\\ccs\\utils\\bin\\gmake" -k -j 16 all -O 
 
gmake[1]: 'blink_led.out' is up to date.

**** Build Finished ****

**** Build of configuration Debug for project blink_led ****

"C:\\ti\\ccs1281\\ccs\\utils\\bin\\gmake" -k -j 16 all -O 
 
gmake[1]: 'blink_led.out' is up to date.

**** Build Finished ****

**** Build of configuration Debug for project blink_led ****

"C:\\ti\\ccs1281\\ccs\\utils\\bin\\gmake" -k -j 16 all -O 
 
gmake[1]: 'blink_led.out' is up to date.

**** Build Finished ****

**** Build of configuration Debug for project blink_led ****

"C:\\ti\\ccs1281\\ccs\\utils\\bin\\gmake" -k -j 16 all -O 
 
gmake[1]: 'blink_led.out' is up to date.

**** Build Finished ****

**** Build of configuration Debug for project blink_led ****

"C:\\ti\\ccs1281\\ccs\\utils\\bin\\gmake" -k -j 16 all -O 
 
Building file: "../main.c"
Invoking: C2000 Compiler
"C:/ti/ccs1281/ccs/tools/compiler/ti-cgt-c2000_22.6.1.LTS/bin/cl2000" -v28 -ml -mt --cla_support=cla1 --float_support=fpu32 --tmu_support=tmu0 --vcu_support=vcu2 --include_path="D:/SEM-5/Open_Laboratory_1/CCS_Codes/blink_led" --include_path="C:/ti/c2000/C2000Ware_6_00_00_00/driverlib/f2837xd/driverlib" --include_path="C:/ti/ccs1281/ccs/tools/compiler/ti-cgt-c2000_22.6.1.LTS/include" --advice:performance=all --define=_FLASH --define=CPU1 -g --diag_warning=225 --diag_wrap=off --display_error_number --abi=coffabi --preproc_with_compile --preproc_dependency="main.d_raw"  "../main.c"
 
>> Compilation failure
subdir_rules.mk:9: recipe for target 'main.obj' failed
"../main.c", line 1: fatal error #1965: cannot open source file "device.h"
1 catastrophic error detected in the compilation of "../main.c".
Compilation terminated.
gmake: *** [main.obj] Error 1
gmake: Target 'all' not remade because of errors.

**** Build Finished ****

**** Build of configuration Debug for project blink_led ****

"C:\\ti\\ccs1281\\ccs\\utils\\bin\\gmake" -k -j 16 all -O 
 
Building file: "../main.c"
Invoking: C2000 Compiler
"C:/ti/ccs1281/ccs/tools/compiler/ti-cgt-c2000_22.6.1.LTS/bin/cl2000" -v28 -ml -mt --cla_support=cla1 --float_support=fpu32 --tmu_support=tmu0 --vcu_support=vcu2 --include_path="D:/SEM-5/Open_Laboratory_1/CCS_Codes/blink_led" --include_path="C:/ti/c2000/C2000Ware_6_00_00_00/driverlib/f2837xd/driverlib" --include_path="C:/ti/ccs1281/ccs/tools/compiler/ti-cgt-c2000_22.6.1.LTS/include" --advice:performance=all --define=_FLASH --define=CPU1 -g --diag_warning=225 --diag_wrap=off --display_error_number --abi=coffabi --preproc_with_compile --preproc_dependency="main.d_raw"  "../main.c"
Finished building: "../main.c"
 
Building target: "blink_led.out"
Invoking: C2000 Linker
"C:/ti/ccs1281/ccs/tools/compiler/ti-cgt-c2000_22.6.1.LTS/bin/cl2000" -v28 -ml -mt --cla_support=cla1 --float_support=fpu32 --tmu_support=tmu0 --vcu_support=vcu2 --advice:performance=all --define=_FLASH --define=CPU1 -g --diag_warning=225 --diag_wrap=off --display_error_number --abi=coffabi -z -m"blink_led.map" --stack_size=0x200 --warn_sections -i"C:/ti/ccs1281/ccs/tools/compiler/ti-cgt-c2000_22.6.1.LTS/lib" -i"C:/ti/ccs1281/ccs/tools/compiler/ti-cgt-c2000_22.6.1.LTS/include" --reread_libs --diag_wrap=off --display_error_number --xml_link_info="blink_led_linkInfo.xml" --rom_model -o "blink_led.out" "./main.obj" "./device/F2837xD_CodeStartBranch.obj" "./device/device.obj" "../2837x_FLASH_lnk_cpu1.cmd" "C:/ti/c2000/C2000Ware_6_00_00_00/driverlib/f2837xd/driverlib/ccs/Debug/driverlib.lib"  -llibc.a 
<Linking>
Finished building target: "blink_led.out"
 

**** Build Finished ****

**** Build of configuration Debug for project blink_led ****

"C:\\ti\\ccs1281\\ccs\\utils\\bin\\gmake" -k -j 16 all -O 
 
gmake[1]: 'blink_led.out' is up to date.

**** Build Finished ****

**** Build of configuration Debug for project blink_led ****

"C:\\ti\\ccs1281\\ccs\\utils\\bin\\gmake" -k -j 16 all -O 
 
Building file: "../main.c"
Invoking: C2000 Compiler
"C:/ti/ccs1281/ccs/tools/compiler/ti-cgt-c2000_22.6.1.LTS/bin/cl2000" -v28 -ml -mt --cla_support=cla1 --float_support=fpu32 --tmu_support=tmu0 --vcu_support=vcu2 --include_path="D:/SEM-5/Open_Laboratory_1/CCS_Codes/blink_led" --include_path="C:/ti/c2000/C2000Ware_6_00_00_00/driverlib/f2837xd/driverlib" --include_path="C:/ti/ccs1281/ccs/tools/compiler/ti-cgt-c2000_22.6.1.LTS/include" --advice:performance=all --define=_FLASH --define=CPU1 -g --diag_warning=225 --diag_wrap=off --display_error_number --abi=coffabi --preproc_with_compile --preproc_dependency="main.d_raw"  "../main.c"
Finished building: "../main.c"
 
Building target: "blink_led.out"
Invoking: C2000 Linker
"C:/ti/ccs1281/ccs/tools/compiler/ti-cgt-c2000_22.6.1.LTS/bin/cl2000" -v28 -ml -mt --cla_support=cla1 --float_support=fpu32 --tmu_support=tmu0 --vcu_support=vcu2 --advice:performance=all --define=_FLASH --define=CPU1 -g --diag_warning=225 --diag_wrap=off --display_error_number --abi=coffabi -z -m"blink_led.map" --stack_size=0x200 --warn_sections -i"C:/ti/ccs1281/ccs/tools/compiler/ti-cgt-c2000_22.6.1.LTS/lib" -i"C:/ti/ccs1281/ccs/tools/compiler/ti-cgt-c2000_22.6.1.LTS/include" --reread_libs --diag_wrap=off --display_error_number --xml_link_info="blink_led_linkInfo.xml" --rom_model -o "blink_led.out" "./main.obj" "./device/F2837xD_CodeStartBranch.obj" "./device/device.obj" "../2837x_FLASH_lnk_cpu1.cmd" "C:/ti/c2000/C2000Ware_6_00_00_00/driverlib/f2837xd/driverlib/ccs/Debug/driverlib.lib"  -llibc.a 
<Linking>
Finished building target: "blink_led.out"
 

**** Build Finished ****

**** Build of configuration Debug for project blink_led ****

"C:\\ti\\ccs1281\\ccs\\utils\\bin\\gmake" -k -j 16 all -O 
 
gmake[1]: 'blink_led.out' is up to date.

**** Build Finished ****

**** Build of configuration Debug for project blink_led ****

"C:\\ti\\ccs1281\\ccs\\utils\\bin\\gmake" -k -j 16 all -O 
 
gmake[1]: 'blink_led.out' is up to date.

**** Build Finished ****

**** Build of configuration Debug for project blink_led ****

"C:\\ti\\ccs1281\\ccs\\utils\\bin\\gmake" -k -j 16 all -O 
 
gmake[1]: 'blink_led.out' is up to date.

**** Build Finished ****

**** Build of configuration Debug for project blink_led ****

"C:\\ti\\ccs1281\\ccs\\utils\\bin\\gmake" -k -j 16 all -O 
 
Building file: "../main.c"
Invoking: C2000 Compiler
"C:/ti/ccs1281/ccs/tools/compiler/ti-cgt-c2000_22.6.1.LTS/bin/cl2000" -v28 -ml -mt --cla_support=cla1 --float_support=fpu32 --tmu_support=tmu0 --vcu_support=vcu2 --include_path="D:/SEM-5/Open_Laboratory_1/CCS_Codes/blink_led" --include_path="C:/ti/c2000/C2000Ware_6_00_00_00/driverlib/f2837xd/driverlib" --include_path="C:/ti/ccs1281/ccs/tools/compiler/ti-cgt-c2000_22.6.1.LTS/include" --advice:performance=all --define=_FLASH --define=CPU1 -g --diag_warning=225 --diag_wrap=off --display_error_number --abi=coffabi --preproc_with_compile --preproc_dependency="main.d_raw"  "../main.c"
Finished building: "../main.c"
 
Building target: "blink_led.out"
Invoking: C2000 Linker
"C:/ti/ccs1281/ccs/tools/compiler/ti-cgt-c2000_22.6.1.LTS/bin/cl2000" -v28 -ml -mt --cla_support=cla1 --float_support=fpu32 --tmu_support=tmu0 --vcu_support=vcu2 --advice:performance=all --define=_FLASH --define=CPU1 -g --diag_warning=225 --diag_wrap=off --display_error_number --abi=coffabi -z -m"blink_led.map" --stack_size=0x200 --warn_sections -i"C:/ti/ccs1281/ccs/tools/compiler/ti-cgt-c2000_22.6.1.LTS/lib" -i"C:/ti/ccs1281/ccs/tools/compiler/ti-cgt-c2000_22.6.1.LTS/include" --reread_libs --diag_wrap=off --display_error_number --xml_link_info="blink_led_linkInfo.xml" --rom_model -o "blink_led.out" "./main.obj" "./device/F2837xD_CodeStartBranch.obj" "./device/device.obj" "../2837x_FLASH_lnk_cpu1.cmd" "C:/ti/c2000/C2000Ware_6_00_00_00/driverlib/f2837xd/driverlib/ccs/Debug/driverlib.lib"  -llibc.a 
<Linking>
Finished building target: "blink_led.out"
 

**** Build Finished ****

**** Build of configuration Debug for project blink_led ****

"C:\\ti\\ccs1281\\ccs\\utils\\bin\\gmake" -k -j 16 all -O 
 
gmake[1]: 'blink_led.out' is up to date.

**** Build Finished ****
